app_id,wit,lem,rdg,leading_punct_added,trailing_punct_added,cv_tail_absorbed
apparatus_multi_Y9_10mss.v3__app-Y9.1c-2-3,#ms0060,zaraϑuštrō.,zaraϑuštraō.,0,0,1
apparatus_multi_Y9_10mss.v3__app-Y9.1c-5-6,#ms0008,ahi.,ahe.,0,0,1
apparatus_multi_Y9_10mss.v3__app-Y9.1c-5-6,#ms0015,ahi.,ahe.,0,0,1
apparatus_multi_Y9_10mss.v3__app-Y9.1c-5-6,#ms0060,ahi.,ahe.,0,0,1
apparatus_multi_Y9_10mss.v3__app-Y9.1c-5-6,#ms0083,ahi.,ahī.,0,0,1
apparatus_multi_Y9_10mss.v3__app-Y9.1c-5-6,#ms0088,ahi.,ahe.,0,0,1
apparatus_multi_Y9_10mss.v3__app-Y9.1c-5-6,#ms0400,ahi.,ahī.,0,0,1
apparatus_multi_Y9_10mss.v3__app-Y9.1c-5-6,#ms0410,ahi.,ahī.,0,0,1
apparatus_multi_Y9_10mss.v3__app-Y9.2a-1-2,#ms0083,mē.,mē.aē.,0,0,1
apparatus_multi_Y9_10mss.v3__app-Y9.2a-1-2,#ms0088,mē.,.mē.,1,0,0
apparatus_multi_Y9_10mss.v3__app-Y9.2a-3-4,#ms0060,paitiiaōxta.,paiti.aō,0,0,1
apparatus_multi_Y9_10mss.v3__app-Y9.2b-1-2,#ms0005,aɱi.,ahmi.,0,0,1
apparatus_multi_Y9_10mss.v3__app-Y9.2b-1-2,#ms0006,aɱi.,ahmi.,0,0,1
apparatus_multi_Y9_10mss.v3__app-Y9.2b-1-2,#ms0008,aɱi.,ahmi.,0,0,1
apparatus_multi_Y9_10mss.v3__app-Y9.2b-1-2,#ms0060,aɱi.,ahmi.,0,0,1
apparatus_multi_Y9_10mss.v3__app-Y9.2b-1-2,#ms0083,aɱi.,ahmi.,0,0,1
apparatus_multi_Y9_10mss.v3__app-Y9.2b-1-2,#ms0088,aɱi.,ahmi.,0,0,1
apparatus_multi_Y9_10mss.v3__app-Y9.2b-1-2,#ms0410,aɱi.,ahmi.,0,0,1
apparatus_multi_Y9_10mss.v3__app-Y9.2b-2-3,#ms0006,zaraϑuštra.,zara ϑuštrō,0,0,1
apparatus_multi_Y9_10mss.v3__app-Y9.2c-1-2,#ms0005,mąm.,.mąm.,1,0,0
apparatus_multi_Y9_10mss.v3__app-Y9.2c-1-2,#ms0006,mąm.,.mąm.,1,0,0
apparatus_multi_Y9_10mss.v3__app-Y9.2c-1-2,#ms0008,mąm.,.mąm.,1,0,0
apparatus_multi_Y9_10mss.v3__app-Y9.2c-1-2,#ms0015,mąm.,.mąm.,1,0,0
apparatus_multi_Y9_10mss.v3__app-Y9.2c-1-2,#ms0060,mąm.,.mąm.,1,0,0
apparatus_multi_Y9_10mss.v3__app-Y9.2c-5-6,#ms0005,mąm.,.mąm.,1,0,0
apparatus_multi_Y9_10mss.v3__app-Y9.2c-5-6,#ms0006,mąm.,.mąm.,1,0,0
apparatus_multi_Y9_10mss.v3__app-Y9.2c-5-6,#ms0008,mąm.,.mąm.,1,0,0
apparatus_multi_Y9_10mss.v3__app-Y9.2c-5-6,#ms0015,mąm.,.mąm.,1,0,0
apparatus_multi_Y9_10mss.v3__app-Y9.2c-5-6,#ms0060,mąm.,.mąm.,1,0,0
apparatus_multi_Y9_10mss.v3__app-Y9.2c-6-7,#ms0015,hunuuaŋᵛha.,hanauuaŋhe.,0,0,1
apparatus_multi_Y9_10mss.v3__app-Y9.2d-0-1,#ms0060,auui.,aōi.,0,0,1
apparatus_multi_Y9_10mss.v3__app-Y9.2d-0-1,#ms0083,auui.,aōi.,0,0,1
apparatus_multi_Y9_10mss.v3__app-Y9.2d-0-1,#ms0410,auui.,auuiδi.,0,0,1
apparatus_multi_Y9_10mss.v3__app-Y9.2d-2-3,#ms0005,staōmaine.,staōmaini.,0,0,1
apparatus_multi_Y9_10mss.v3__app-Y9.2d-2-3,#ms0006,staōmaine.,staōmaińi.,0,0,1
apparatus_multi_Y9_10mss.v3__app-Y9.2d-2-3,#ms0088,staōmaine.,staōmaińi.,0,0,1
apparatus_multi_Y9_10mss.v3__app-Y9.2d-2-3,#ms0400,staōmaine.,spətama.,0,0,1
apparatus_multi_Y9_10mss.v3__app-Y9.2d-3-4,#ms0006,stūiδi.,staōmaińi.,0,0,1
apparatus_multi_Y9_10mss.v3__app-Y9.2d-3-4,#ms0008,stūiδi.,stīiδe.,0,0,1
apparatus_multi_Y9_10mss.v3__app-Y9.2d-3-4,#ms0015,stūiδi.,stīiδe.,0,0,1
apparatus_multi_Y9_10mss.v3__app-Y9.2d-3-4,#ms0083,stūiδi.,stīiδa.,0,0,1
apparatus_multi_Y9_10mss.v3__app-Y9.2d-3-4,#ms0088,stūiδi.,stīiδe.,0,0,1
apparatus_multi_Y9_10mss.v3__app-Y9.2d-4-5,#ms0400,yaϑa.,yāsaŋha.,0,0,1
apparatus_multi_Y9_10mss.v3__app-Y9.2d-6-7,#ms0083,aparacit̰.,.aparacit̰.,1,0,0
apparatus_multi_Y9_10mss.v3__app-Y9.2d-8-9,#ms0006,stauuąn.,.stauuąn.,1,0,0
apparatus_multi_Y9_10mss.v3__app-Y9.3a-0-1,#ms0008,zōt,ōxta.,0,1,1
apparatus_multi_Y9_10mss.v3__app-Y9.3a-2-3,#ms0015,aōxta.,aōxtō.,0,0,1
apparatus_multi_Y9_10mss.v3__app-Y9.3a-3-4,#ms0060,zaraϑuštrō.,zaraϑuštraō.,0,0,1
apparatus_multi_Y9_10mss.v3__app-Y9.3a-5-6,#ms0006,haōmāi.,haōmā̊i.,0,0,1
apparatus_multi_Y9_10mss.v3__app-Y9.3b-8-9,#ms0005,aɱāi.,ahmāi.,0,0,1
apparatus_multi_Y9_10mss.v3__app-Y9.3b-8-9,#ms0015,aɱāi.,ahmāi.,0,0,1
apparatus_multi_Y9_10mss.v3__app-Y9.3b-8-9,#ms0060,aɱāi.,ahmāi.,0,0,1
apparatus_multi_Y9_10mss.v3__app-Y9.3b-8-9,#ms0088,aɱāi.,ahmāi.,0,0,1
apparatus_multi_Y9_10mss.v3__app-Y9.3b-8-9,#ms0400,aɱāi.,ahmāi.,0,0,1
apparatus_multi_Y9_10mss.v3__app-Y9.3b-8-9,#ms0410,aɱāi.,ahmāi.,0,0,1
apparatus_multi_Y9_10mss.v3__app-Y9.3b-10-11,#ms0005,ərənāuui.,ərənāuue.,0,0,1
apparatus_multi_Y9_10mss.v3__app-Y9.3b-10-11,#ms0008,ərənāuui.,ərənāuue.,0,0,1
apparatus_multi_Y9_10mss.v3__app-Y9.3b-10-11,#ms0015,ərənāuui.,ərənāuue.,0,0,1
apparatus_multi_Y9_10mss.v3__app-Y9.3b-10-11,#ms0060,ərənāuui.,ərənāuue.,0,0,1
apparatus_multi_Y9_10mss.v3__app-Y9.3b-12-13,#ms0005,aɱāi.,ahmāi.,0,0,1
apparatus_multi_Y9_10mss.v3__app-Y9.3b-12-13,#ms0015,aɱāi.,ahmāi.,0,0,1
apparatus_multi_Y9_10mss.v3__app-Y9.3b-12-13,#ms0060,aɱāi.,ahmāi.,0,0,1
apparatus_multi_Y9_10mss.v3__app-Y9.3b-12-13,#ms0088,aɱāi.,ahmāi.,0,0,1
apparatus_multi_Y9_10mss.v3__app-Y9.3b-12-13,#ms0400,aɱāi.,ahmāi.,0,0,1
apparatus_multi_Y9_10mss.v3__app-Y9.3b-12-13,#ms0410,aɱāi.,ahmāi.,0,0,1
apparatus_multi_Y9_10mss.v3__app-Y9.4b-0-1,#ms0005,vīuuaŋᵛhā̊.,vīuuaŋhā.,0,0,1
apparatus_multi_Y9_10mss.v3__app-Y9.4b-0-1,#ms0060,vīuuaŋᵛhā̊.,və̄uuaŋhā.,0,0,1
apparatus_multi_Y9_10mss.v3__app-Y9.4b-2-3,#ms0060,paōiriiō.,paōiriiaō.,0,0,1
apparatus_multi_Y9_10mss.v3__app-Y9.4b-7-8,#ms0410,hā.,hmāi.,0,0,1
apparatus_multi_Y9_10mss.v3__app-Y9.4b-8-9,#ms0005,aɱāi.,ahmāi.,0,0,1
apparatus_multi_Y9_10mss.v3__app-Y9.4b-8-9,#ms0006,aɱāi.,ahmāi.,0,0,1
apparatus_multi_Y9_10mss.v3__app-Y9.4b-8-9,#ms0008,aɱāi.,ahmāi.,0,0,1
apparatus_multi_Y9_10mss.v3__app-Y9.4b-8-9,#ms0015,aɱāi.,ahmāi.,0,0,1
apparatus_multi_Y9_10mss.v3__app-Y9.4b-8-9,#ms0060,aɱāi.,ahmāi.,0,0,1
apparatus_multi_Y9_10mss.v3__app-Y9.4b-8-9,#ms0083,aɱāi.,ahmāi.,0,0,1
apparatus_multi_Y9_10mss.v3__app-Y9.4b-8-9,#ms0088,aɱāi.,ahmāi.,0,0,1
apparatus_multi_Y9_10mss.v3__app-Y9.4b-8-9,#ms0400,aɱāi.,ahmāi.,0,0,1
apparatus_multi_Y9_10mss.v3__app-Y9.4b-8-9,#ms0410,aɱāi.,ahmāi.,0,0,1
apparatus_multi_Y9_10mss.v3__app-Y9.4b-9-10,#ms0410,aṣ̌iš.,maṣ̌iiō.,0,0,1
apparatus_multi_Y9_10mss.v3__app-Y9.4b-10-11,#ms0005,ərənāuui.,ərənāuue.,0,0,1
apparatus_multi_Y9_10mss.v3__app-Y9.4b-10-11,#ms0006,ərənāuui.,ərənāuue.,0,0,1
apparatus_multi_Y9_10mss.v3__app-Y9.4b-10-11,#ms0008,ərənāuui.,ərənāuue.,0,0,1
apparatus_multi_Y9_10mss.v3__app-Y9.4b-10-11,#ms0015,ərənāuui.,ərənāuue.,0,0,1
apparatus_multi_Y9_10mss.v3__app-Y9.4b-10-11,#ms0060,ərənāuui.,ərənāuue.,0,0,1
apparatus_multi_Y9_10mss.v3__app-Y9.4b-10-11,#ms0088,ərənāuui.,ərənāuue.,0,0,1
apparatus_multi_Y9_10mss.v3__app-Y9.4b-10-11,#ms0410,ərənāuui.,ərənāuua.,0,0,1
apparatus_multi_Y9_10mss.v3__app-Y9.4b-12-13,#ms0005,aɱāi.,ahmāi.,0,0,1
apparatus_multi_Y9_10mss.v3__app-Y9.4b-12-13,#ms0006,aɱāi.,ahmāi.,0,0,1
apparatus_multi_Y9_10mss.v3__app-Y9.4b-12-13,#ms0008,aɱāi.,ahmāi.,0,0,1
apparatus_multi_Y9_10mss.v3__app-Y9.4b-12-13,#ms0015,aɱāi.,ahmāi.,0,0,1
apparatus_multi_Y9_10mss.v3__app-Y9.4b-12-13,#ms0060,aɱāi.,ahmāi.,0,0,1
apparatus_multi_Y9_10mss.v3__app-Y9.4b-12-13,#ms0083,aɱāi.,ahmāi.,0,0,1
apparatus_multi_Y9_10mss.v3__app-Y9.4b-12-13,#ms0088,aɱāi.,ahmāi.,0,0,1
apparatus_multi_Y9_10mss.v3__app-Y9.4b-12-13,#ms0400,aɱāi.,ahmāi.,0,0,1
apparatus_multi_Y9_10mss.v3__app-Y9.4b-12-13,#ms0410,aɱāi.,ahmāi.,0,0,1
apparatus_multi_Y9_10mss.v3__app-Y9.4c-2-3,#ms0060,puϑrō.,puϑraō.,0,0,1
apparatus_multi_Y9_10mss.v3__app-Y9.4c-2-3,#ms0400,puϑrō.,puϑra.,0,0,1
apparatus_multi_Y9_10mss.v3__app-Y9.4e-2-3,#ms0008,aiŋ́he.,aŋ́hē.,0,0,1
apparatus_multi_Y9_10mss.v3__app-Y9.4e-2-3,#ms0015,aiŋ́he.,aŋhē.,0,0,1
apparatus_multi_Y9_10mss.v3__app-Y9.4e-3-4,#ms0410,xšaϑrāδa.,xšaϑrāt̰a.,0,0,1
apparatus_multi_Y9_10mss.v3__app-Y9.4e-5-6,#ms0005,pasu.,pasō.,0,0,1
apparatus_multi_Y9_10mss.v3__app-Y9.4e-5-6,#ms0008,pasu.,pasā,0,0,1
apparatus_multi_Y9_10mss.v3__app-Y9.4e-5-6,#ms0015,pasu.,pasuuī,0,0,1
apparatus_multi_Y9_10mss.v3__app-Y9.4e-5-6,#ms0060,pasu.,pasō.,0,0,1
apparatus_multi_Y9_10mss.v3__app-Y9.4e-5-6,#ms0083,pasu.,.pasu.,1,0,0
apparatus_multi_Y9_10mss.v3__app-Y9.4e-6-7,#ms0083,vīra.,..vīra.,1,0,0
apparatus_multi_Y9_10mss.v3__app-Y9.4e-8-9,#ms0005,āpa.,āpe.,0,0,1
apparatus_multi_Y9_10mss.v3__app-Y9.4e-8-9,#ms0015,āpa.,āpe.,0,0,1
apparatus_multi_Y9_10mss.v3__app-Y9.4e-9-10,#ms0008,uruuaire.,uruuairi.,0,0,1
apparatus_multi_Y9_10mss.v3__app-Y9.5a-1-2,#ms0005,xšaϑre.,xšaϑrahe.,0,0,1
apparatus_multi_Y9_10mss.v3__app-Y9.5a-1-2,#ms0060,xšaϑre.,xšaϑrahe.,0,0,1
apparatus_multi_Y9_10mss.v3__app-Y9.5a-1-2,#ms0400,xšaϑre.,xšaϑra.,0,0,1
apparatus_multi_Y9_10mss.v3__app-Y9.5a-1-2,#ms0410,xšaϑre.,xšaϑra.,0,0,1
apparatus_multi_Y9_10mss.v3__app-Y9.5b-1-2,#ms0006,zauruua.,zauruuā̊,0,0,1
apparatus_multi_Y9_10mss.v3__app-Y9.5b-1-2,#ms0008,zauruua.,zauruuā̊,0,0,1
apparatus_multi_Y9_10mss.v3__app-Y9.5b-2-3,#ms0410,ā̊ŋha.,ā̊ŋhā.,0,0,1
apparatus_multi_Y9_10mss.v3__app-Y9.5c-1-2,#ms0008,fracarōiϑe.,fracaraōite.,0,0,1
apparatus_multi_Y9_10mss.v3__app-Y9.5c-1-2,#ms0015,fracarōiϑe.,fracaraōite.,0,0,1
apparatus_multi_Y9_10mss.v3__app-Y9.5c-1-2,#ms0060,fracarōiϑe.,fracaraōiϑi.,0,0,1
apparatus_multi_Y9_10mss.v3__app-Y9.5c-2-3,#ms0005,pita.,piϑa.,0,0,1
apparatus_multi_Y9_10mss.v3__app-Y9.5c-2-3,#ms0008,pita.,paiti.,0,0,1
apparatus_multi_Y9_10mss.v3__app-Y9.5c-2-3,#ms0015,pita.,paiti.,0,0,1
apparatus_multi_Y9_10mss.v3__app-Y9.5c-2-3,#ms0400,pita.,paiti.,0,0,1
apparatus_multi_Y9_10mss.v3__app-Y9.5c-2-3,#ms0410,pita.,paiti.,0,0,1
apparatus_multi_Y9_10mss.v3__app-Y9.5c-4-5,#ms0005,raōδaēšuua.,raōδaēšuue.,0,0,1
apparatus_multi_Y9_10mss.v3__app-Y9.5c-5-6,#ms0006,katarascit̰.,katarasca.,0,0,1
apparatus_multi_Y9_10mss.v3__app-Y9.5c-5-6,#ms0015,katarascit̰.,katarasca.,0,0,1
apparatus_multi_Y9_10mss.v3__app-Y9.5d-0-1,#ms0005,yauuata.,yauuaϑa.,0,0,1
apparatus_multi_Y9_10mss.v3__app-Y9.5d-5-6,#ms0060,puϑrō.,puϑraō.,0,0,1
apparatus_multi_Y9_10mss.v3__app-Y9.6a-3-4,#ms0088,maṣ̌iiō.,.maṣ̌iiō.,1,0,0
apparatus_multi_Y9_10mss.v3__app-Y9.6a-8-9,#ms0005,aɱāi.,ahmāi.,0,0,1
apparatus_multi_Y9_10mss.v3__app-Y9.6a-8-9,#ms0006,aɱāi.,ahmāi.,0,0,1
apparatus_multi_Y9_10mss.v3__app-Y9.6a-8-9,#ms0015,aɱāi.,ahmāi.,0,0,1
apparatus_multi_Y9_10mss.v3__app-Y9.6a-8-9,#ms0060,aɱāi.,ahmāi.,0,0,1
apparatus_multi_Y9_10mss.v3__app-Y9.6a-8-9,#ms0083,aɱāi.,ahmāi.,0,0,1
apparatus_multi_Y9_10mss.v3__app-Y9.6a-8-9,#ms0088,aɱāi.,ahmāi.,0,0,1
apparatus_multi_Y9_10mss.v3__app-Y9.6a-8-9,#ms0400,aɱāi.,ahmāi.,0,0,1
apparatus_multi_Y9_10mss.v3__app-Y9.6a-8-9,#ms0410,aɱāi.,ahmāi.,0,0,1
apparatus_multi_Y9_10mss.v3__app-Y9.6a-10-11,#ms0005,ərənāuui.,ərənāuue.,0,0,1
apparatus_multi_Y9_10mss.v3__app-Y9.6a-10-11,#ms0006,ərənāuui.,ərənāuue.,0,0,1
apparatus_multi_Y9_10mss.v3__app-Y9.6a-10-11,#ms0008,ərənāuui.,ərənāuue,0,0,1
apparatus_multi_Y9_10mss.v3__app-Y9.6a-10-11,#ms0015,ərənāuui.,ərənāuue.,0,0,1
apparatus_multi_Y9_10mss.v3__app-Y9.6a-10-11,#ms0060,ərənāuui.,ərənāuue.,0,0,1
apparatus_multi_Y9_10mss.v3__app-Y9.6a-10-11,#ms0083,ərənāuui.,ərənāuue.,0,0,1
apparatus_multi_Y9_10mss.v3__app-Y9.6a-10-11,#ms0400,ərənāuui.,ərənāuua.,0,0,1
apparatus_multi_Y9_10mss.v3__app-Y9.6a-12-13,#ms0005,aɱāi.,ahmāi.,0,0,1
apparatus_multi_Y9_10mss.v3__app-Y9.6a-12-13,#ms0006,aɱāi.,ahmāi.,0,0,1
apparatus_multi_Y9_10mss.v3__app-Y9.6a-12-13,#ms0015,aɱāi.,ahmāi.,0,0,1
apparatus_multi_Y9_10mss.v3__app-Y9.6a-12-13,#ms0060,aɱāi.,ahmāi.,0,0,1
apparatus_multi_Y9_10mss.v3__app-Y9.6a-12-13,#ms0083,aɱāi.,ahmāi.,0,0,1
apparatus_multi_Y9_10mss.v3__app-Y9.6a-12-13,#ms0088,aɱāi.,ahmāi.,0,0,1
apparatus_multi_Y9_10mss.v3__app-Y9.6a-12-13,#ms0400,aɱāi.,ahmāi.,0,0,1
apparatus_multi_Y9_10mss.v3__app-Y9.6a-12-13,#ms0410,aɱāi.,ahmāi.,0,0,1
apparatus_multi_Y9_10mss.v3__app-Y9.7b-3-4,#ms0015,maṣ̌iiō.,maš́iiaō.,0,0,1
apparatus_multi_Y9_10mss.v3__app-Y9.7b-8-9,#ms0005,aɱāi.,ahmāi.,0,0,1
apparatus_multi_Y9_10mss.v3__app-Y9.7b-8-9,#ms0015,aɱāi.,ahmāi.,0,0,1
apparatus_multi_Y9_10mss.v3__app-Y9.7b-8-9,#ms0060,aɱāi.,ahmāi.,0,0,1
apparatus_multi_Y9_10mss.v3__app-Y9.7b-8-9,#ms0088,aɱāi.,ahmāi.,0,0,1
apparatus_multi_Y9_10mss.v3__app-Y9.7b-8-9,#ms0400,aɱāi.,ahmāi.,0,0,1
apparatus_multi_Y9_10mss.v3__app-Y9.7b-8-9,#ms0410,aɱāi.,ahmāi.,0,0,1
apparatus_multi_Y9_10mss.v3__app-Y9.7b-9-10,#ms0015,aṣ̌iš.,.aṣ̌iš.,1,0,0
apparatus_multi_Y9_10mss.v3__app-Y9.7b-10-11,#ms0005,ərənāuui.,ərənāuue.,0,0,1
apparatus_multi_Y9_10mss.v3__app-Y9.7b-10-11,#ms0006,ərənāuui.,ərənāuue.,0,0,1
apparatus_multi_Y9_10mss.v3__app-Y9.7b-10-11,#ms0008,ərənāuui.,ərənāuue.,0,0,1
apparatus_multi_Y9_10mss.v3__app-Y9.7b-10-11,#ms0015,ərənāuui.,ərənāuue.,0,0,1
apparatus_multi_Y9_10mss.v3__app-Y9.7b-10-11,#ms0060,ərənāuui.,ərənāuue.,0,0,1
apparatus_multi_Y9_10mss.v3__app-Y9.7b-10-11,#ms0083,ərənāuui.,ərənāuue.,0,0,1
apparatus_multi_Y9_10mss.v3__app-Y9.7b-10-11,#ms0088,ərənāuui.,ərənāuue.,0,0,1
apparatus_multi_Y9_10mss.v3__app-Y9.7b-10-11,#ms0400,ərənāuui.,ərənāuua.,0,0,1
apparatus_multi_Y9_10mss.v3__app-Y9.7b-12-13,#ms0005,aɱāi.,ahmāi.,0,0,1
apparatus_multi_Y9_10mss.v3__app-Y9.7b-12-13,#ms0015,aɱāi.,ahmāi,0,0,1
apparatus_multi_Y9_10mss.v3__app-Y9.7b-12-13,#ms0060,aɱāi.,ahmāi.,0,0,1
apparatus_multi_Y9_10mss.v3__app-Y9.7b-12-13,#ms0088,aɱāi.,ahmāi.,0,0,1
apparatus_multi_Y9_10mss.v3__app-Y9.7b-12-13,#ms0400,aɱāi.,ahmāi.,0,0,1
apparatus_multi_Y9_10mss.v3__app-Y9.7b-12-13,#ms0410,aɱāi.,ahmāi.,0,0,1
apparatus_multi_Y9_10mss.v3__app-Y9.8a-0-1,#ms0400,yō.,ẏō.,0,0,1
apparatus_multi_Y9_10mss.v3__app-Y9.8a-0-1,#ms0410,yō.,ẏō.,0,0,1
apparatus_multi_Y9_10mss.v3__app-Y9.8c-5-6,#ms0060,aŋhrō.,aŋraō.,0,0,1
apparatus_multi_Y9_10mss.v3__app-Y9.8c-7-8,#ms0088,auui.,aōi.,0,0,1
apparatus_multi_Y9_10mss.v3__app-Y9.8c-7-8,#ms0400,auui.,aoi.,0,0,1
apparatus_multi_Y9_10mss.v3__app-Y9.8c-7-8,#ms0410,auui.,aoi.,0,0,1
apparatus_multi_Y9_10mss.v3__app-Y9.9a-8-9,#ms0005,aɱāi.,ahmāi.,0,0,1
apparatus_multi_Y9_10mss.v3__app-Y9.9a-8-9,#ms0015,aɱāi.,ahmāi.,0,0,1
apparatus_multi_Y9_10mss.v3__app-Y9.9a-8-9,#ms0060,aɱāi.,ahmāi.,0,0,1
apparatus_multi_Y9_10mss.v3__app-Y9.9a-8-9,#ms0088,aɱāi.,ahmāi.,0,0,1
apparatus_multi_Y9_10mss.v3__app-Y9.9a-8-9,#ms0410,aɱāi.,ahmāi.,0,0,1
apparatus_multi_Y9_10mss.v3__app-Y9.9a-10-11,#ms0006,ərənāuui.,ərənāuue.,0,0,1
apparatus_multi_Y9_10mss.v3__app-Y9.9a-10-11,#ms0008,ərənāuui.,ərənāuue.,0,0,1
apparatus_multi_Y9_10mss.v3__app-Y9.9a-10-11,#ms0015,ərənāuui.,ərənāuue.,0,0,1
apparatus_multi_Y9_10mss.v3__app-Y9.9a-10-11,#ms0060,ərənāuui.,ərənāuue.,0,0,1
apparatus_multi_Y9_10mss.v3__app-Y9.9a-10-11,#ms0083,ərənāuui.,ərənāuue.,0,0,1
apparatus_multi_Y9_10mss.v3__app-Y9.9a-10-11,#ms0088,ərənāuui.,ərənāuue.,0,0,1
apparatus_multi_Y9_10mss.v3__app-Y9.9a-12-13,#ms0005,aɱāi.,ahmāi.,0,0,1
apparatus_multi_Y9_10mss.v3__app-Y9.9a-12-13,#ms0006,aɱāi.,ahmāi.,0,0,1
apparatus_multi_Y9_10mss.v3__app-Y9.9a-12-13,#ms0008,aɱāi.,ahmāi.,0,0,1
apparatus_multi_Y9_10mss.v3__app-Y9.9a-12-13,#ms0015,aɱāi.,ahmāi.,0,0,1
apparatus_multi_Y9_10mss.v3__app-Y9.9a-12-13,#ms0060,aɱāi.,ahmāi.,0,0,1
apparatus_multi_Y9_10mss.v3__app-Y9.9a-12-13,#ms0083,aɱāi.,ahmāi.,0,0,1
apparatus_multi_Y9_10mss.v3__app-Y9.9a-12-13,#ms0088,aɱāi.,ahmāi.,0,0,1
apparatus_multi_Y9_10mss.v3__app-Y9.9a-12-13,#ms0410,aɱāi.,ahmāi.,0,0,1
apparatus_multi_Y9_10mss.v3__app-Y9.10a-0-1,#ms0005,āat̰.,āat̰mē.,0,0,1
apparatus_multi_Y9_10mss.v3__app-Y9.10b-0-1,#ms0006,ϑritō.,ϑritiiō.,0,0,1
apparatus_multi_Y9_10mss.v3__app-Y9.10b-0-1,#ms0008,ϑritō.,ϑritiiō.,0,0,1
apparatus_multi_Y9_10mss.v3__app-Y9.10b-0-1,#ms0410,ϑritō.,ϑritiiō.,0,0,1
apparatus_multi_Y9_10mss.v3__app-Y9.10b-10-11,#ms0005,aɱāi.,ahmāi.,0,0,1
apparatus_multi_Y9_10mss.v3__app-Y9.10b-10-11,#ms0008,aɱāi.,ahmāi.,0,0,1
apparatus_multi_Y9_10mss.v3__app-Y9.10b-10-11,#ms0015,aɱāi.,ahmāi.,0,0,1
apparatus_multi_Y9_10mss.v3__app-Y9.10b-10-11,#ms0060,aɱāi.,ahmāi.,0,0,1
apparatus_multi_Y9_10mss.v3__app-Y9.10b-10-11,#ms0088,aɱāi.,ahmāi.,0,0,1
apparatus_multi_Y9_10mss.v3__app-Y9.10b-10-11,#ms0400,aɱāi.,ahmāi.,0,0,1
apparatus_multi_Y9_10mss.v3__app-Y9.10b-10-11,#ms0410,aɱāi.,ahmāi.,0,0,1
apparatus_multi_Y9_10mss.v3__app-Y9.10b-12-13,#ms0005,ərənāuui.,ərənāuue.,0,0,1
apparatus_multi_Y9_10mss.v3__app-Y9.10b-12-13,#ms0006,ərənāuui.,ərənāuue.,0,0,1
apparatus_multi_Y9_10mss.v3__app-Y9.10b-12-13,#ms0008,ərənāuui.,ərənāuue.,0,0,1
apparatus_multi_Y9_10mss.v3__app-Y9.10b-12-13,#ms0015,ərənāuui.,ərənāuue.,0,0,1
apparatus_multi_Y9_10mss.v3__app-Y9.10b-12-13,#ms0060,ərənāuui.,ərənāuue.,0,0,1
apparatus_multi_Y9_10mss.v3__app-Y9.10b-12-13,#ms0083,ərənāuui.,ərənāuue.,0,0,1
apparatus_multi_Y9_10mss.v3__app-Y9.10b-12-13,#ms0088,ərənāuui.,ərənāuue.,0,0,1
apparatus_multi_Y9_10mss.v3__app-Y9.10b-12-13,#ms0400,ərənāuui.,ərənāuua.,0,0,1
apparatus_multi_Y9_10mss.v3__app-Y9.10b-14-15,#ms0005,aɱāi.,ahmāi.,0,0,1
apparatus_multi_Y9_10mss.v3__app-Y9.10b-14-15,#ms0008,aɱāi.,ahmāi.,0,0,1
apparatus_multi_Y9_10mss.v3__app-Y9.10b-14-15,#ms0015,aɱāi.,ahmāi.,0,0,1
apparatus_multi_Y9_10mss.v3__app-Y9.10b-14-15,#ms0060,aɱāi.,ahmāi.,0,0,1
apparatus_multi_Y9_10mss.v3__app-Y9.10b-14-15,#ms0083,aɱāi.,ahmāi.,0,0,1
apparatus_multi_Y9_10mss.v3__app-Y9.10b-14-15,#ms0088,aɱāi.,ahmāi.,0,0,1
apparatus_multi_Y9_10mss.v3__app-Y9.10b-14-15,#ms0400,aɱāi.,ahmāi.,0,0,1
apparatus_multi_Y9_10mss.v3__app-Y9.10b-14-15,#ms0410,aɱāi.,ahmāi.,0,0,1
apparatus_multi_Y9_10mss.v3__app-Y9.10c-2-3,#ms0005,puϑra.,puϑrō.,0,0,1
apparatus_multi_Y9_10mss.v3__app-Y9.10c-2-3,#ms0410,puϑra.,puϑrō.,0,0,1
apparatus_multi_Y9_10mss.v3__app-Y9.10c-3-4,#ms0008,us.zaiiōiϑe.,us.zaiiaōiϑi.,0,0,1
apparatus_multi_Y9_10mss.v3__app-Y9.10c-3-4,#ms0410,us.zaiiōiϑe.,us.zaiiaiti.,0,0,1
apparatus_multi_Y9_10mss.v3__app-Y9.10d-1-2,#ms0060,ańiiō.,ańiiaō.,0,0,1
apparatus_multi_Y9_10mss.v3__app-Y9.10e-1-2,#ms0083,ańiiō.,.ańiiō.,1,0,0
apparatus_multi_Y9_10mss.v3__app-Y9.10e-5-6,#ms0060,gaδauuarō.,gaδauuaraō.,0,0,1
apparatus_multi_Y9_10mss.v3__app-Y9.11a-0-1,#ms0060,yō.,yaō.,0,0,1
apparatus_multi_Y9_10mss.v3__app-Y9.11a-0-1,#ms0400,yō.,ẏō.,0,0,1
apparatus_multi_Y9_10mss.v3__app-Y9.11a-0-1,#ms0410,yō.,ẏō.,0,0,1
apparatus_multi_Y9_10mss.v3__app-Y9.11c-1-2,#ms0400,upairi.,uaēpaiia.,0,0,1
apparatus_multi_Y9_10mss.v3__app-Y9.11c-3-4,#ms0400,aiiaŋha.,naiiata.,0,0,1
apparatus_multi_Y9_10mss.v3__app-Y9.11d-4-5,#ms0060,hō.,haō.,0,0,1
apparatus_multi_Y9_10mss.v3__app-Y9.11d-5-6,#ms0400,mairiiō.,m. upairi.,0,0,1
apparatus_multi_Y9_10mss.v3__app-Y9.11e-0-1,#ms0006,frąš.,frąšai,0,0,1
apparatus_multi_Y9_10mss.v3__app-Y9.11e-0-1,#ms0008,frąš.,frąšai,0,0,1
apparatus_multi_Y9_10mss.v3__app-Y9.11e-0-1,#ms0015,frąš.,frąšai,0,0,1
apparatus_multi_Y9_10mss.v3__app-Y9.11e-1-2,#ms0400,aiiaŋhō.,mairiiō.,0,0,1
apparatus_multi_Y9_10mss.v3__app-Y9.11e-4-5,#ms0083,āpəm.,.āpəm.,1,0,0
apparatus_multi_Y9_10mss.v3__app-Y9.11e-4-5,#ms0400,āpəm.,ā. rapi,0,0,1
apparatus_multi_Y9_10mss.v3__app-Y9.11f-0-1,#ms0005,parąš.,parąšta,0,0,1
apparatus_multi_Y9_10mss.v3__app-Y9.11f-0-1,#ms0006,parąš.,prąšta,0,0,1
apparatus_multi_Y9_10mss.v3__app-Y9.11f-0-1,#ms0008,parąš.,prąšta,0,0,1
apparatus_multi_Y9_10mss.v3__app-Y9.11f-0-1,#ms0060,parąš.,parąšta,0,0,1
apparatus_multi_Y9_10mss.v3__app-Y9.11f-1-2,#ms0006,tarštō.,štaršta.,0,0,1
apparatus_multi_Y9_10mss.v3__app-Y9.12a-8-9,#ms0005,aɱāi.,ahmāi.,0,0,1
apparatus_multi_Y9_10mss.v3__app-Y9.12a-8-9,#ms0008,aɱāi.,ahmāi.,0,0,1
apparatus_multi_Y9_10mss.v3__app-Y9.12a-8-9,#ms0015,aɱāi.,ahmāi.,0,0,1
apparatus_multi_Y9_10mss.v3__app-Y9.12a-8-9,#ms0060,aɱāi.,ahmāi.,0,0,1
apparatus_multi_Y9_10mss.v3__app-Y9.12a-8-9,#ms0088,aɱāi.,ahmāi.,0,0,1
apparatus_multi_Y9_10mss.v3__app-Y9.12a-8-9,#ms0400,aɱāi.,ahmāi.,0,0,1
apparatus_multi_Y9_10mss.v3__app-Y9.12a-8-9,#ms0410,aɱāi.,ahmāi.,0,0,1
apparatus_multi_Y9_10mss.v3__app-Y9.12a-10-11,#ms0005,ərənāuui.,ərənāuue.,0,0,1
apparatus_multi_Y9_10mss.v3__app-Y9.12a-10-11,#ms0008,ərənāuui.,ərənāuue.,0,0,1
apparatus_multi_Y9_10mss.v3__app-Y9.12a-10-11,#ms0015,ərənāuui.,ərənāuue.,0,0,1
apparatus_multi_Y9_10mss.v3__app-Y9.12a-10-11,#ms0060,ərənāuui.,ərənāuue.,0,0,1
apparatus_multi_Y9_10mss.v3__app-Y9.12a-10-11,#ms0083,ərənāuui.,ərənāuue.,0,0,1
apparatus_multi_Y9_10mss.v3__app-Y9.12a-10-11,#ms0088,ərənāuui.,ərənāuue.,0,0,1
apparatus_multi_Y9_10mss.v3__app-Y9.12a-10-11,#ms0400,ərənāuui.,ərənāuua.,0,0,1
apparatus_multi_Y9_10mss.v3__app-Y9.12a-12-13,#ms0005,aɱāi.,ahmāi.,0,0,1
apparatus_multi_Y9_10mss.v3__app-Y9.12a-12-13,#ms0008,aɱāi.,ahmāi.,0,0,1
apparatus_multi_Y9_10mss.v3__app-Y9.12a-12-13,#ms0015,aɱāi.,ahmāi.,0,0,1
apparatus_multi_Y9_10mss.v3__app-Y9.12a-12-13,#ms0060,aɱāi.,ahmāi.,0,0,1
apparatus_multi_Y9_10mss.v3__app-Y9.12a-12-13,#ms0088,aɱāi.,ahmāi.,0,0,1
apparatus_multi_Y9_10mss.v3__app-Y9.12a-12-13,#ms0400,aɱāi.,ahmāi.,0,0,1
apparatus_multi_Y9_10mss.v3__app-Y9.12a-12-13,#ms0410,aɱāi.,ahmāi.,0,0,1
apparatus_multi_Y9_10mss.v3__app-Y9.12a-14-15,#ms0005,āiiaptəm.,.āiiaptəm.,1,0,0
apparatus_multi_Y9_10mss.v3__app-Y9.13b-7-8,#ms0083,hā.,hmāi.,0,0,1
apparatus_multi_Y9_10mss.v3__app-Y9.13b-8-9,#ms0005,aɱāi.,ahmāi.,0,0,1
apparatus_multi_Y9_10mss.v3__app-Y9.13b-8-9,#ms0008,aɱāi.,ahmāi.,0,0,1
apparatus_multi_Y9_10mss.v3__app-Y9.13b-8-9,#ms0015,aɱāi.,ahmāi.,0,0,1
apparatus_multi_Y9_10mss.v3__app-Y9.13b-8-9,#ms0060,aɱāi.,ahmāi.,0,0,1
apparatus_multi_Y9_10mss.v3__app-Y9.13b-8-9,#ms0088,aɱāi.,ahmāi.,0,0,1
apparatus_multi_Y9_10mss.v3__app-Y9.13b-8-9,#ms0400,aɱāi.,ahmāi.,0,0,1
apparatus_multi_Y9_10mss.v3__app-Y9.13b-8-9,#ms0410,aɱāi.,ahmāi.,0,0,1
apparatus_multi_Y9_10mss.v3__app-Y9.13b-10-11,#ms0006,ərənāuui.,ərənāuue.,0,0,1
apparatus_multi_Y9_10mss.v3__app-Y9.13b-10-11,#ms0008,ərənāuui.,ərənāuue.,0,0,1
apparatus_multi_Y9_10mss.v3__app-Y9.13b-10-11,#ms0015,ərənāuui.,ərənāuue.,0,0,1
apparatus_multi_Y9_10mss.v3__app-Y9.13b-10-11,#ms0060,ərənāuui.,ərənāuue.,0,0,1
apparatus_multi_Y9_10mss.v3__app-Y9.13b-10-11,#ms0083,ərənāuui.,ərənāuue.,0,0,1
apparatus_multi_Y9_10mss.v3__app-Y9.13b-10-11,#ms0088,ərənāuui.,ərənāuue.,0,0,1
apparatus_multi_Y9_10mss.v3__app-Y9.13b-10-11,#ms0400,ərənāuui.,ərənāuua.,0,0,1
apparatus_multi_Y9_10mss.v3__app-Y9.13b-12-13,#ms0005,aɱāi.,ahmāi.,0,0,1
apparatus_multi_Y9_10mss.v3__app-Y9.13b-12-13,#ms0008,aɱāi.,ahmāi.,0,0,1
apparatus_multi_Y9_10mss.v3__app-Y9.13b-12-13,#ms0015,aɱāi.,ahmāi.,0,0,1
apparatus_multi_Y9_10mss.v3__app-Y9.13b-12-13,#ms0060,aɱāi.,ahmāi.,0,0,1
apparatus_multi_Y9_10mss.v3__app-Y9.13b-12-13,#ms0088,aɱāi.,ahmāi.,0,0,1
apparatus_multi_Y9_10mss.v3__app-Y9.13b-12-13,#ms0400,aɱāi.,ahmāi.,0,0,1
apparatus_multi_Y9_10mss.v3__app-Y9.13b-12-13,#ms0410,aɱāi.,ahmāi.,0,0,1
apparatus_multi_Y9_10mss.v3__app-Y9.13c-8-9,#ms0088,pourušaspahe.,.paourušaspahe.,1,0,0
apparatus_multi_Y9_10mss.v3__app-Y9.13c-9-10,#ms0015,vīdaēuuō.,vīdaēuuo.,0,0,1
apparatus_multi_Y9_10mss.v3__app-Y9.14a-1-2,#ms0006,airiiene.,airiieni.,0,0,1
apparatus_multi_Y9_10mss.v3__app-Y9.14a-1-2,#ms0008,airiiene.,airiieni.,0,0,1
apparatus_multi_Y9_10mss.v3__app-Y9.14a-2-3,#ms0005,vaējahi.,vījahe.,0,0,1
apparatus_multi_Y9_10mss.v3__app-Y9.14a-2-3,#ms0006,vaējahi.,vījahe.,0,0,1
apparatus_multi_Y9_10mss.v3__app-Y9.14a-2-3,#ms0008,vaējahi.,vaējahe.,0,0,1
apparatus_multi_Y9_10mss.v3__app-Y9.14a-2-3,#ms0015,vaējahi.,vījahe.,0,0,1
apparatus_multi_Y9_10mss.v3__app-Y9.14a-2-3,#ms0060,vaējahi.,vūjahe.,0,0,1
apparatus_multi_Y9_10mss.v3__app-Y9.14a-2-3,#ms0083,vaējahi.,vījahe.,0,0,1
apparatus_multi_Y9_10mss.v3__app-Y9.14a-2-3,#ms0088,vaējahi.,vījahe.,0,0,1
apparatus_multi_Y9_10mss.v3__app-Y9.14a-2-3,#ms0400,vaējahi.,vaejahe.,0,0,1
apparatus_multi_Y9_10mss.v3__app-Y9.14a-2-3,#ms0410,vaējahi.,vaējahe.,0,0,1
apparatus_multi_Y9_10mss.v3__app-Y9.14b-1-2,#ms0008,xraōždiiehiia.,xraōždaiiehiiā.,0,0,1
apparatus_multi_Y9_10mss.v3__app-Y9.14b-1-2,#ms0015,xraōždiiehiia.,xraōždaiiehe.,0,0,1
apparatus_multi_Y9_10mss.v3__app-Y9.14b-1-2,#ms0400,xraōždiiehiia.,xraoždaiiehiiā.,0,0,1
apparatus_multi_Y9_10mss.v3__app-Y9.14b-1-2,#ms0410,xraōždiiehiia.,xraoždiiehiiā.,0,0,1
apparatus_multi_Y9_10mss.v3__app-Y9.14b-2-3,#ms0006,frasrūiti.,frasrīite.,0,0,1
apparatus_multi_Y9_10mss.v3__app-Y9.14b-2-3,#ms0015,frasrūiti.,frasrīite.,0,0,1
apparatus_multi_Y9_10mss.v3__app-Y9.14b-2-3,#ms0088,frasrūiti.,frasrīite.,0,0,1
apparatus_multi_Y9_10mss.v3__app-Y9.15a-1-2,#ms0060,zəmargūzō.,zəmar.gūzaō.,0,0,1
apparatus_multi_Y9_10mss.v3__app-Y9.15a-3-4,#ms0005,vīspe.,vīspa.,0,0,1
apparatus_multi_Y9_10mss.v3__app-Y9.15a-13-14,#ms0005,zəmā.,.zəmā.,1,0,0
apparatus_multi_Y9_10mss.v3__app-Y9.15a-13-14,#ms0083,zəmā.,.zəmā.,1,0,0
apparatus_multi_Y9_10mss.v3__app-Y9.15b-0-1,#ms0400,yō.,ẏō.,0,0,1
apparatus_multi_Y9_10mss.v3__app-Y9.15b-0-1,#ms0410,yō.,ẏō.,0,0,1
apparatus_multi_Y9_10mss.v3__app-Y9.15b-2-3,#ms0400,yō.,ẏō.,0,0,1
apparatus_multi_Y9_10mss.v3__app-Y9.15b-2-3,#ms0410,yō.,ẏō.,0,0,1
apparatus_multi_Y9_10mss.v3__app-Y9.15b-4-5,#ms0400,yō.,ẏō.,0,0,1
apparatus_multi_Y9_10mss.v3__app-Y9.15b-4-5,#ms0410,yō.,ẏō.,0,0,1
apparatus_multi_Y9_10mss.v3__app-Y9.15b-6-7,#ms0400,yō.,ẏō.,0,0,1
apparatus_multi_Y9_10mss.v3__app-Y9.15b-6-7,#ms0410,yō.,ẏō.,0,0,1
apparatus_multi_Y9_10mss.v3__app-Y9.15b-8-9,#ms0400,yō.,ẏō.,0,0,1
apparatus_multi_Y9_10mss.v3__app-Y9.15b-8-9,#ms0410,yō.,ẏō.,0,0,1
apparatus_multi_Y9_10mss.v3__app-Y9.16a-2-3,#ms0060,zaraϑuštrō.,zaraϑuštraō.,0,0,1
apparatus_multi_Y9_10mss.v3__app-Y9.16c-1-2,#ms0006,dātō.,.dātō.,1,0,0
apparatus_multi_Y9_10mss.v3__app-Y9.16f-1-2,#ms0005,xᵛarəṇte.,xᵛarəṇtī.,0,0,1
apparatus_multi_Y9_10mss.v3__app-Y9.16f-1-2,#ms0006,xᵛarəṇte.,xᵛarəṇtī.,0,0,1
apparatus_multi_Y9_10mss.v3__app-Y9.16f-1-2,#ms0008,xᵛarəṇte.,xᵛarəṇtī.,0,0,1
apparatus_multi_Y9_10mss.v3__app-Y9.16f-1-2,#ms0015,xᵛarəṇte.,xᵛarəṇtī.,0,0,1
apparatus_multi_Y9_10mss.v3__app-Y9.17a-1-2,#ms0005,tē.,.tē.,1,0,0
apparatus_multi_Y9_10mss.v3__app-Y9.17a-1-2,#ms0015,tē.,.tē.,1,0,0
apparatus_multi_Y9_10mss.v3__app-Y9.17a-1-2,#ms0060,tē.,.tē.,1,0,0
apparatus_multi_Y9_10mss.v3__app-Y9.17a-1-2,#ms0088,tē.,.tē.,1,0,0
apparatus_multi_Y9_10mss.v3__app-Y9.17a-1-2,#ms0400,tē.,.tē.,1,0,0
apparatus_multi_Y9_10mss.v3__app-Y9.17a-1-2,#ms0410,tē.,.tē.,1,0,0
apparatus_multi_Y9_10mss.v3__app-Y9.17a-2-3,#ms0005,zāire.,zāiri.,0,0,1
apparatus_multi_Y9_10mss.v3__app-Y9.17a-2-3,#ms0006,zāire.,zāiri.,0,0,1
apparatus_multi_Y9_10mss.v3__app-Y9.17a-2-3,#ms0008,zāire.,zāiri.,0,0,1
apparatus_multi_Y9_10mss.v3__app-Y9.17a-2-3,#ms0015,zāire.,zāiri.,0,0,1
apparatus_multi_Y9_10mss.v3__app-Y9.17a-2-3,#ms0060,zāire.,zāiri.,0,0,1
apparatus_multi_Y9_10mss.v3__app-Y9.17a-2-3,#ms0088,zāire.,zāiri.,0,0,1
apparatus_multi_Y9_10mss.v3__app-Y9.17a-2-3,#ms0410,zāire.,zāiri.,0,0,1
apparatus_multi_Y9_10mss.v3__app-Y9.17e-1-2,#ms0005,aōjō.,.aōjō.,1,0,0
apparatus_multi_Y9_10mss.v3__app-Y9.17f-4-5,#ms0060,vasō.xšaϑrō.,vasō.xšϑraō.,0,0,1
apparatus_multi_Y9_10mss.v3__app-Y9.17f-5-6,#ms0006,fracarāne.,fracaranē.,0,0,1
apparatus_multi_Y9_10mss.v3__app-Y9.17f-5-6,#ms0008,fracarāne.,fracarānē.,0,0,1
apparatus_multi_Y9_10mss.v3__app-Y9.17f-5-6,#ms0015,fracarāne.,fracarānē.,0,0,1
apparatus_multi_Y9_10mss.v3__app-Y9.18a-3-4,#ms0015,tauruuaiieni.,tauruuaiiəne.,0,0,1
apparatus_multi_Y9_10mss.v3__app-Y9.18c-1-2,#ms0083,bizaṇgranąm.,mairiianąmca.,0,0,1
apparatus_multi_Y9_10mss.v3__app-Y9.18c-3-4,#ms0083,bizaṇgranąm.,mairiianąmca.,0,0,1
apparatus_multi_Y9_10mss.v3__app-Y9.18d-2-3,#ms0008,dauuąiϑiiā̊.,dauuąniϑiiā,0,0,1
apparatus_multi_Y9_10mss.v3__app-Y9.18d-3-4,#ms0008,patąiϑiiā̊.,patąniϑiiā,0,0,1
apparatus_multi_Y9_10mss.v3__app-Y9.18d-3-4,#ms0060,patąiϑiiā̊.,paϑąiϑiiā..,0,0,1
apparatus_multi_Y9_10mss.v3__app-Y9.18d-3-4,#ms0083,patąiϑiiā̊.,.aińikaiiā̊.,1,0,0
apparatus_multi_Y9_10mss.v3__app-Y9.19a-5-6,#ms0008,jaiδiiemi.,jaiδiiama.,0,0,1
apparatus_multi_Y9_10mss.v3__app-Y9.19b-8-9,#ms0005,aiŋ́hā̊sə.,aŋ́hā̊səta,0,0,1
apparatus_multi_Y9_10mss.v3__app-Y9.19b-8-9,#ms0006,aiŋ́hā̊sə.,aŋ́hā̊̊sa.,0,0,1
apparatus_multi_Y9_10mss.v3__app-Y9.19b-8-9,#ms0008,aiŋ́hā̊sə.,aŋ́hā̊sa.ta,0,0,1
apparatus_multi_Y9_10mss.v3__app-Y9.19b-8-9,#ms0015,aiŋ́hā̊sə.,aŋ́hā̊s.ta,0,0,1
apparatus_multi_Y9_10mss.v3__app-Y9.19b-8-9,#ms0060,aiŋ́hā̊sə.,aŋ́hā̊se.ta,0,0,1
apparatus_multi_Y9_10mss.v3__app-Y9.19b-8-9,#ms0083,aiŋ́hā̊sə.,aŋ́hā̊se.ta,0,0,1
apparatus_multi_Y9_10mss.v3__app-Y9.19b-8-9,#ms0088,aiŋ́hā̊sə.,aŋ́hā̊se.,0,0,1
apparatus_multi_Y9_10mss.v3__app-Y9.19b-8-9,#ms0400,aiŋ́hā̊sə.,aŋ́hā̊.se.,0,0,1
apparatus_multi_Y9_10mss.v3__app-Y9.19b-8-9,#ms0410,aiŋ́hā̊sə.,aŋ́hā̊sə.ta,0,0,1
apparatus_multi_Y9_10mss.v3__app-Y9.19b-9-10,#ms0006,tanuuō.,.tanuuō.,1,0,0
apparatus_multi_Y9_10mss.v3__app-Y9.19b-9-10,#ms0008,tanuuō.,.tanuuō.,1,0,0
apparatus_multi_Y9_10mss.v3__app-Y9.19b-9-10,#ms0015,tanuuō.,.tanuuō.,1,0,0
apparatus_multi_Y9_10mss.v3__app-Y9.19b-9-10,#ms0060,tanuuō.,.tanuuō.,1,0,0
apparatus_multi_Y9_10mss.v3__app-Y9.19b-9-10,#ms0083,tanuuō.,.tanuuō.,1,0,0
apparatus_multi_Y9_10mss.v3__app-Y9.19b-9-10,#ms0410,tanuuō.,.tanuuō.,1,0,0
apparatus_multi_Y9_10mss.v3__app-Y9.20a-8-9,#ms0005,aēšō.,aēšā̊.,0,0,1
apparatus_multi_Y9_10mss.v3__app-Y9.20a-8-9,#ms0060,aēšō.,aēšā̊.,0,0,1
apparatus_multi_Y9_10mss.v3__app-Y9.20a-8-9,#ms0410,aēšō.,aēšo.,0,0,1
apparatus_multi_Y9_10mss.v3__app-Y9.20a-12-13,#ms0006,zəmā.,zəmā̊.,0,0,1
apparatus_multi_Y9_10mss.v3__app-Y9.20a-12-13,#ms0008,zəmā.,zəmā̊.,0,0,1
apparatus_multi_Y9_10mss.v3__app-Y9.20a-12-13,#ms0015,zəmā.,zəmā̊.,0,0,1
apparatus_multi_Y9_10mss.v3__app-Y9.20a-12-13,#ms0060,zəmā.,zəmā̊.,0,0,1
apparatus_multi_Y9_10mss.v3__app-Y9.20a-12-13,#ms0400,zəmā.,zəmā̊.,0,0,1
apparatus_multi_Y9_10mss.v3__app-Y9.20a-12-13,#ms0410,zəmā.,zəmā̊.,0,0,1
apparatus_multi_Y9_10mss.v3__app-Y9.20b-6-7,#ms0015,dūraōša.,haōma.,0,0,1
apparatus_multi_Y9_10mss.v3__app-Y9.20b-7-8,#ms0060,yaϑa.,yaϑā.,0,0,1
apparatus_multi_Y9_10mss.v3__app-Y9.20b-8-9,#ms0005,vərəϑrajā̊.,vərəϑrajā.,0,0,1
apparatus_multi_Y9_10mss.v3__app-Y9.20b-10-11,#ms0008,fraxštāne.,fraxštā nē.,0,0,1
apparatus_multi_Y9_10mss.v3__app-Y9.20b-11-12,#ms0006,zəmā.,zəmā̊.,0,0,1
apparatus_multi_Y9_10mss.v3__app-Y9.20b-11-12,#ms0008,zəmā.,zəmā̊.,0,0,1
apparatus_multi_Y9_10mss.v3__app-Y9.20b-11-12,#ms0060,zəmā.,zəmā̊.,0,0,1
apparatus_multi_Y9_10mss.v3__app-Y9.21a-2-3,#ms0088,xštūm.,.xštīm.,1,0,0
apparatus_multi_Y9_10mss.v3__app-Y9.21a-13-14,#ms0008,būiδiiōimaiδe.,bīiδiiōi.maiδi.,0,0,1
apparatus_multi_Y9_10mss.v3__app-Y9.21b-0-1,#ms0005,mā.,māci,0,0,1
apparatus_multi_Y9_10mss.v3__app-Y9.21b-0-1,#ms0006,mā.,māci,0,0,1
apparatus_multi_Y9_10mss.v3__app-Y9.21b-0-1,#ms0008,mā.,māci,0,0,1
apparatus_multi_Y9_10mss.v3__app-Y9.21b-0-1,#ms0015,mā.,māci,0,0,1
apparatus_multi_Y9_10mss.v3__app-Y9.21b-0-1,#ms0060,mā.,māci,0,0,1
apparatus_multi_Y9_10mss.v3__app-Y9.21b-0-1,#ms0083,mā.,māci,0,0,1
apparatus_multi_Y9_10mss.v3__app-Y9.21b-0-1,#ms0088,mā.,māci,0,0,1
apparatus_multi_Y9_10mss.v3__app-Y9.21b-0-1,#ms0410,mā.,māci,0,0,1
apparatus_multi_Y9_10mss.v3__app-Y9.21b-1-2,#ms0400,ciš.,.ciš.,1,0,0
apparatus_multi_Y9_10mss.v3__app-Y9.21b-2-3,#ms0015,pauruuō.,paōuruua,0,0,1
apparatus_multi_Y9_10mss.v3__app-Y9.21b-5-6,#ms0005,vīspə̄.,vīspe.,0,0,1
apparatus_multi_Y9_10mss.v3__app-Y9.21b-5-6,#ms0060,vīspə̄.,vīspe.,0,0,1
apparatus_multi_Y9_10mss.v3__app-Y9.21b-5-6,#ms0083,vīspə̄.,vīspe.,0,0,1
apparatus_multi_Y9_10mss.v3__app-Y9.21b-5-6,#ms0088,vīspə̄.,vīspē.,0,0,1
apparatus_multi_Y9_10mss.v3__app-Y9.21b-5-6,#ms0400,vīspə̄.,vīspē.,0,0,1
apparatus_multi_Y9_10mss.v3__app-Y9.21b-5-6,#ms0410,vīspə̄.,vīspē.,0,0,1
apparatus_multi_Y9_10mss.v3__app-Y9.21b-7-8,#ms0008,būiδiiōimaiδe.,baēiδiiōi.maiδi.,0,0,1
apparatus_multi_Y9_10mss.v3__app-Y9.22a-0-1,#ms0006,haōmō.,haōma.,0,0,1
apparatus_multi_Y9_10mss.v3__app-Y9.22a-0-1,#ms0008,haōmō.,haōma.,0,0,1
apparatus_multi_Y9_10mss.v3__app-Y9.22a-2-3,#ms0015,yōi.,.yōi.,1,0,0
apparatus_multi_Y9_10mss.v3__app-Y9.22a-2-3,#ms0410,yōi.,ẏōi.,0,0,1
apparatus_multi_Y9_10mss.v3__app-Y9.22a-4-5,#ms0060,hita.,hiϑa.,0,0,1
apparatus_multi_Y9_10mss.v3__app-Y9.22a-4-5,#ms0083,hita.,hitā.,0,0,1
apparatus_multi_Y9_10mss.v3__app-Y9.22a-5-6,#ms0005,taxšəṇti.,taxšəṇte.,0,0,1
apparatus_multi_Y9_10mss.v3__app-Y9.22a-5-6,#ms0008,taxšəṇti.,taxšəṇte.,0,0,1
apparatus_multi_Y9_10mss.v3__app-Y9.22a-5-6,#ms0410,taxšəṇti.,taxšəṇte.,0,0,1
apparatus_multi_Y9_10mss.v3__app-Y9.22a-9-10,#ms0410,baxšaiti.,baxšaite.,0,0,1
apparatus_multi_Y9_10mss.v3__app-Y9.22b-1-2,#ms0006,āzīzanāitibiš.,āzīzanāite.bi,0,0,1
apparatus_multi_Y9_10mss.v3__app-Y9.22b-1-2,#ms0008,āzīzanāitibiš.,āzīzanāiti.bi,0,0,1
apparatus_multi_Y9_10mss.v3__app-Y9.22b-1-2,#ms0015,āzīzanāitibiš.,āzīzināiti.bi,0,0,1
apparatus_multi_Y9_10mss.v3__app-Y9.22b-1-2,#ms0088,āzīzanāitibiš.,āzīzanāite. bi,0,0,1
apparatus_multi_Y9_10mss.v3__app-Y9.22c-2-3,#ms0400,yōi.,ẏōi.,0,0,1
apparatus_multi_Y9_10mss.v3__app-Y9.22c-5-6,#ms0005,ā̊ŋhəṇte.,ā̊ŋhəṇti.,0,0,1
apparatus_multi_Y9_10mss.v3__app-Y9.22c-5-6,#ms0006,ā̊ŋhəṇte.,ā̊ŋhaṇtī.,0,0,1
apparatus_multi_Y9_10mss.v3__app-Y9.22c-5-6,#ms0008,ā̊ŋhəṇte.,ā̊ŋhaṇtī.,0,0,1
apparatus_multi_Y9_10mss.v3__app-Y9.22c-5-6,#ms0015,ā̊ŋhəṇte.,ā̊ŋhəṇti.,0,0,1
apparatus_multi_Y9_10mss.v3__app-Y9.22c-5-6,#ms0060,ā̊ŋhəṇte.,ā̊ŋhəṇti.,0,0,1
apparatus_multi_Y9_10mss.v3__app-Y9.22c-5-6,#ms0400,ā̊ŋhəṇte.,ā̊ŋhiṇti.,0,0,1
apparatus_multi_Y9_10mss.v3__app-Y9.22c-5-6,#ms0410,ā̊ŋhəṇte.,ā̊ŋhiṇti.,0,0,1
apparatus_multi_Y9_10mss.v3__app-Y9.22c-8-9,#ms0400,baxšaiti.,baxšaite.,0,0,1
apparatus_multi_Y9_10mss.v3__app-Y9.23a-2-3,#ms0006,yā̊.,yā.,0,0,1
apparatus_multi_Y9_10mss.v3__app-Y9.23a-2-3,#ms0008,yā̊.,yā.,0,0,1
apparatus_multi_Y9_10mss.v3__app-Y9.23a-2-3,#ms0088,yā̊.,yā.,0,0,1
apparatus_multi_Y9_10mss.v3__app-Y9.23a-2-3,#ms0410,yā̊.,ẏā̊.,0,0,1
apparatus_multi_Y9_10mss.v3__app-Y9.23a-4-5,#ms0006,ā̊ŋhaire.,ā̊ŋhairi.,0,0,1
apparatus_multi_Y9_10mss.v3__app-Y9.23a-4-5,#ms0008,ā̊ŋhaire.,ā̊ŋhairi.,0,0,1
apparatus_multi_Y9_10mss.v3__app-Y9.23a-4-5,#ms0088,ā̊ŋhaire.,ā̊ŋhairi.,0,0,1
apparatus_multi_Y9_10mss.v3__app-Y9.23a-9-10,#ms0005,baxšaiti.,baxšaite.,0,0,1
apparatus_multi_Y9_10mss.v3__app-Y9.23a-9-10,#ms0015,baxšaiti.,baxšaite.,0,0,1
apparatus_multi_Y9_10mss.v3__app-Y9.23a-10-11,#ms0008,mošu.,mušō.,0,0,1
apparatus_multi_Y9_10mss.v3__app-Y9.23a-10-11,#ms0015,mošu.,mušō.,0,0,1
apparatus_multi_Y9_10mss.v3__app-Y9.23a-10-11,#ms0060,mošu.,mošō.,0,0,1
apparatus_multi_Y9_10mss.v3__app-Y9.23a-10-11,#ms0088,mošu.,mušō.,0,0,1
apparatus_multi_Y9_10mss.v3__app-Y9.24a-6-7,#ms0410,yō.,ẏō.,0,0,1
apparatus_multi_Y9_10mss.v3__app-Y9.24b-0-1,#ms0400,yō.,ẏō.,0,0,1
apparatus_multi_Y9_10mss.v3__app-Y9.24b-0-1,#ms0410,yō.,ẏō.,0,0,1
apparatus_multi_Y9_10mss.v3__app-Y9.24b-3-4,#ms0083,mē.,me.,0,0,1
apparatus_multi_Y9_10mss.v3__app-Y9.24b-7-8,#ms0005,vərəiδiiē.,vərəiδiiī.,0,0,1
apparatus_multi_Y9_10mss.v3__app-Y9.24b-7-8,#ms0060,vərəiδiiē.,vərəδiiī.,0,0,1
apparatus_multi_Y9_10mss.v3__app-Y9.24b-8-9,#ms0015,daiŋ́hauua.,daŋ́hauue.,0,0,1
apparatus_multi_Y9_10mss.v3__app-Y9.24c-5-6,#ms0006,vīspə̄.,vīspē.,0,0,1
apparatus_multi_Y9_10mss.v3__app-Y9.25a-0-1,#ms0015,ušta.,uštatī.,0,0,1
apparatus_multi_Y9_10mss.v3__app-Y9.25a-1-2,#ms0005,tē.,.tē.,1,0,0
apparatus_multi_Y9_10mss.v3__app-Y9.25a-1-2,#ms0060,tē.,.tē.,1,0,0
apparatus_multi_Y9_10mss.v3__app-Y9.25a-1-2,#ms0400,tē.,.tē.,1,0,0
apparatus_multi_Y9_10mss.v3__app-Y9.25a-1-2,#ms0410,tē.,.tē.,1,0,0
apparatus_multi_Y9_10mss.v3__app-Y9.25a-2-3,#ms0400,yō.,ẏō.,0,0,1
apparatus_multi_Y9_10mss.v3__app-Y9.25a-2-3,#ms0410,yō.,ẏō.,0,0,1
apparatus_multi_Y9_10mss.v3__app-Y9.25a-3-4,#ms0006,xᵛā.,xᵛā̊.,0,0,1
apparatus_multi_Y9_10mss.v3__app-Y9.25a-3-4,#ms0008,xᵛā.,xᵛā̊.,0,0,1
apparatus_multi_Y9_10mss.v3__app-Y9.25a-3-4,#ms0015,xᵛā.,xᵛā̊.,0,0,1
apparatus_multi_Y9_10mss.v3__app-Y9.25a-3-4,#ms0410,xᵛā.,x́ā.,0,0,1
apparatus_multi_Y9_10mss.v3__app-Y9.25a-4-5,#ms0083,aōjaŋha.,.aōjaŋha.,1,0,0
apparatus_multi_Y9_10mss.v3__app-Y9.25a-5-6,#ms0060,vasō.xšaϑrō.,vasō.xšaϑraō.,0,0,1
apparatus_multi_Y9_10mss.v3__app-Y9.25a-6-7,#ms0005,ahi.,ahe.,0,0,1
apparatus_multi_Y9_10mss.v3__app-Y9.25a-6-7,#ms0006,ahi.,ahe.,0,0,1
apparatus_multi_Y9_10mss.v3__app-Y9.25a-6-7,#ms0008,ahi.,ahe.,0,0,1
apparatus_multi_Y9_10mss.v3__app-Y9.25a-6-7,#ms0015,ahi.,ahe.,0,0,1
apparatus_multi_Y9_10mss.v3__app-Y9.25a-6-7,#ms0060,ahi.,ahe.,0,0,1
apparatus_multi_Y9_10mss.v3__app-Y9.25a-6-7,#ms0083,ahi.,ahe.,0,0,1
apparatus_multi_Y9_10mss.v3__app-Y9.25a-6-7,#ms0088,ahi.,ahe.,0,0,1
apparatus_multi_Y9_10mss.v3__app-Y9.25a-6-7,#ms0400,ahi.,ahe.,0,0,1
apparatus_multi_Y9_10mss.v3__app-Y9.25a-6-7,#ms0410,ahi.,ahe.,0,0,1
apparatus_multi_Y9_10mss.v3__app-Y9.25b-0-1,#ms0015,ušta.,uštatī.,0,0,1
apparatus_multi_Y9_10mss.v3__app-Y9.25b-1-2,#ms0005,tē.,.tē.,1,0,0
apparatus_multi_Y9_10mss.v3__app-Y9.25b-1-2,#ms0060,tē.,tī.,0,0,1
apparatus_multi_Y9_10mss.v3__app-Y9.25b-1-2,#ms0400,tē.,.tē.,1,0,0
apparatus_multi_Y9_10mss.v3__app-Y9.25b-1-2,#ms0410,tē.,.tē.,1,0,0
apparatus_multi_Y9_10mss.v3__app-Y9.25b-2-3,#ms0005,apiuuatahi.,aipe.vatahe.,0,0,1
apparatus_multi_Y9_10mss.v3__app-Y9.25b-2-3,#ms0006,apiuuatahi.,apauuatahe.,0,0,1
apparatus_multi_Y9_10mss.v3__app-Y9.25b-2-3,#ms0008,apiuuatahi.,apauuatahe.,0,0,1
apparatus_multi_Y9_10mss.v3__app-Y9.25b-2-3,#ms0015,apiuuatahi.,apauuatahe.,0,0,1
apparatus_multi_Y9_10mss.v3__app-Y9.25b-2-3,#ms0060,apiuuatahi.,apauuatahe.,0,0,1
apparatus_multi_Y9_10mss.v3__app-Y9.25b-2-3,#ms0083,apiuuatahi.,apuuatahe.,0,0,1
apparatus_multi_Y9_10mss.v3__app-Y9.25b-2-3,#ms0088,apiuuatahi.,apiuuatahe.,0,0,1
apparatus_multi_Y9_10mss.v3__app-Y9.25b-2-3,#ms0400,apiuuatahi.,apiuuatahe.,0,0,1
apparatus_multi_Y9_10mss.v3__app-Y9.25b-2-3,#ms0410,apiuuatahi.,apiuuatahe.,0,0,1
apparatus_multi_Y9_10mss.v3__app-Y9.25b-3-4,#ms0005,pouru.,pouruua.,0,0,1
apparatus_multi_Y9_10mss.v3__app-Y9.25b-4-5,#ms0006,vacąm.,.vacąm.,1,0,0
apparatus_multi_Y9_10mss.v3__app-Y9.25b-4-5,#ms0008,vacąm.,.vacąm.,1,0,0
apparatus_multi_Y9_10mss.v3__app-Y9.25b-4-5,#ms0015,vacąm.,.vacąm.,1,0,0
apparatus_multi_Y9_10mss.v3__app-Y9.25b-4-5,#ms0060,vacąm.,.vacąm.,1,0,0
apparatus_multi_Y9_10mss.v3__app-Y9.25b-4-5,#ms0400,vacąm.,.vacą̇m.,1,0,0
apparatus_multi_Y9_10mss.v3__app-Y9.25b-4-5,#ms0410,vacąm.,.vacą̇m.,1,0,0
apparatus_multi_Y9_10mss.v3__app-Y9.25c-0-1,#ms0015,ušta.,uštatī.,0,0,1
apparatus_multi_Y9_10mss.v3__app-Y9.25c-1-2,#ms0005,tē.,.tē.,1,0,0
apparatus_multi_Y9_10mss.v3__app-Y9.25c-5-6,#ms0005,pərəsahi.,pərəsahe.,0,0,1
apparatus_multi_Y9_10mss.v3__app-Y9.25c-5-6,#ms0006,pərəsahi.,pərəsahe.,0,0,1
apparatus_multi_Y9_10mss.v3__app-Y9.25c-5-6,#ms0008,pərəsahi.,pərəsahe.,0,0,1
apparatus_multi_Y9_10mss.v3__app-Y9.25c-5-6,#ms0015,pərəsahi.,vrasahe.,0,0,1
apparatus_multi_Y9_10mss.v3__app-Y9.25c-5-6,#ms0060,pərəsahi.,pərəsahe.,0,0,1
apparatus_multi_Y9_10mss.v3__app-Y9.25c-5-6,#ms0088,pərəsahi.,pərəsahe.,0,0,1
apparatus_multi_Y9_10mss.v3__app-Y9.26a-0-1,#ms0015,frā.,frātē.,0,0,1
apparatus_multi_Y9_10mss.v3__app-Y9.26a-1-2,#ms0005,tē.,.tē.,1,0,0
apparatus_multi_Y9_10mss.v3__app-Y9.26a-1-2,#ms0060,tē.,.tē.,1,0,0
apparatus_multi_Y9_10mss.v3__app-Y9.26a-1-2,#ms0400,tē.,.tē.,1,0,0
apparatus_multi_Y9_10mss.v3__app-Y9.26a-1-2,#ms0410,tē.,.tē.,1,0,0
apparatus_multi_Y9_10mss.v3__app-Y9.26b-1-2,#ms0006,aiŋ́he.,aŋ́hē.,0,0,1
apparatus_multi_Y9_10mss.v3__app-Y9.26b-1-2,#ms0008,aiŋ́he.,aŋ́hē.,0,0,1
apparatus_multi_Y9_10mss.v3__app-Y9.26b-2-3,#ms0005,ahi.,ahe.,0,0,1
apparatus_multi_Y9_10mss.v3__app-Y9.26b-2-3,#ms0006,ahi.,ahe.,0,0,1
apparatus_multi_Y9_10mss.v3__app-Y9.26b-2-3,#ms0008,ahi.,ahe.,0,0,1
apparatus_multi_Y9_10mss.v3__app-Y9.26b-2-3,#ms0015,ahi.,ahe.,0,0,1
apparatus_multi_Y9_10mss.v3__app-Y9.26b-2-3,#ms0060,ahi.,ahe.,0,0,1
apparatus_multi_Y9_10mss.v3__app-Y9.26b-2-3,#ms0083,ahi.,ahe.,0,0,1
apparatus_multi_Y9_10mss.v3__app-Y9.26b-2-3,#ms0088,ahi.,ahe.,0,0,1
apparatus_multi_Y9_10mss.v3__app-Y9.26b-2-3,#ms0400,ahi.,aŋ́he.,0,0,1
apparatus_multi_Y9_10mss.v3__app-Y9.26b-5-6,#ms0015,paiti.,pairi.,0,0,1
apparatus_multi_Y9_10mss.v3__app-Y9.26b-7-8,#ms0008,drājaŋhe.,drājaŋha.,0,0,1
apparatus_multi_Y9_10mss.v3__app-Y9.26b-7-8,#ms0015,drājaŋhe.,drājaŋha.,0,0,1
apparatus_multi_Y9_10mss.v3__app-Y9.26b-7-8,#ms0088,drājaŋhe.,drājaŋha.,0,0,1
apparatus_multi_Y9_10mss.v3__app-Y9.27a-0-1,#ms0006,haōma.,haōmō.,0,0,1
apparatus_multi_Y9_10mss.v3__app-Y9.27a-0-1,#ms0008,haōma.,haōmō.,0,0,1
apparatus_multi_Y9_10mss.v3__app-Y9.27a-0-1,#ms0015,haōma.,haōmō.,0,0,1
apparatus_multi_Y9_10mss.v3__app-Y9.27a-0-1,#ms0060,haōma.,haōmō.,0,0,1
apparatus_multi_Y9_10mss.v3__app-Y9.27a-1-2,#ms0005,nmānō.paite.,nmānō.paiti.,0,0,1
apparatus_multi_Y9_10mss.v3__app-Y9.27a-1-2,#ms0006,nmānō.paite.,nmānō.pitī.,0,0,1
apparatus_multi_Y9_10mss.v3__app-Y9.27a-1-2,#ms0008,nmānō.paite.,nmānō.paitī.,0,0,1
apparatus_multi_Y9_10mss.v3__app-Y9.27a-1-2,#ms0015,nmānō.paite.,nmānō.paitī.,0,0,1
apparatus_multi_Y9_10mss.v3__app-Y9.27a-1-2,#ms0060,nmānō.paite.,nəmānō.paiti.,0,0,1
apparatus_multi_Y9_10mss.v3__app-Y9.27a-1-2,#ms0083,nmānō.paite.,nmānō.paiti.,0,0,1
apparatus_multi_Y9_10mss.v3__app-Y9.27a-1-2,#ms0400,nmānō.paite.,nmānō.paiti.,0,0,1
apparatus_multi_Y9_10mss.v3__app-Y9.27a-2-3,#ms0005,vīspaite.,vīspaiti.,0,0,1
apparatus_multi_Y9_10mss.v3__app-Y9.27a-2-3,#ms0006,vīspaite.,vīspaitī.,0,0,1
apparatus_multi_Y9_10mss.v3__app-Y9.27a-2-3,#ms0008,vīspaite.,vīspaiti.,0,0,1
apparatus_multi_Y9_10mss.v3__app-Y9.27a-2-3,#ms0015,vīspaite.,vīspaitī.,0,0,1
apparatus_multi_Y9_10mss.v3__app-Y9.27a-2-3,#ms0083,vīspaite.,vīspaiti.,0,0,1
apparatus_multi_Y9_10mss.v3__app-Y9.27a-2-3,#ms0088,vīspaite.,vīsupaiti.,0,0,1
apparatus_multi_Y9_10mss.v3__app-Y9.27a-2-3,#ms0400,vīspaite.,vīspō.paiti.,0,0,1
apparatus_multi_Y9_10mss.v3__app-Y9.27a-2-3,#ms0410,vīspaite.,vīsō.paiti.,0,0,1
apparatus_multi_Y9_10mss.v3__app-Y9.27a-3-4,#ms0005,zaṇtu.paite.,zaṇtu.paiti.,0,0,1
apparatus_multi_Y9_10mss.v3__app-Y9.27a-3-4,#ms0006,zaṇtu.paite.,zaṇtu.paitī.,0,0,1
apparatus_multi_Y9_10mss.v3__app-Y9.27a-3-4,#ms0008,zaṇtu.paite.,zaṇtu.paiti.,0,0,1
apparatus_multi_Y9_10mss.v3__app-Y9.27a-3-4,#ms0015,zaṇtu.paite.,zaṇtupaitī.,0,0,1
apparatus_multi_Y9_10mss.v3__app-Y9.27a-3-4,#ms0060,zaṇtu.paite.,zaṇtu.paiti.,0,0,1
apparatus_multi_Y9_10mss.v3__app-Y9.27a-3-4,#ms0083,zaṇtu.paite.,zaṇtupaiti.,0,0,1
apparatus_multi_Y9_10mss.v3__app-Y9.27a-3-4,#ms0088,zaṇtu.paite.,zaṇtupaiti.,0,0,1
apparatus_multi_Y9_10mss.v3__app-Y9.27a-3-4,#ms0400,zaṇtu.paite.,zaṇtu.paiti.,0,0,1
apparatus_multi_Y9_10mss.v3__app-Y9.27a-4-5,#ms0005,daiŋ́hu.paite.,daiŋ́hu.paiti.,0,0,1
apparatus_multi_Y9_10mss.v3__app-Y9.27a-4-5,#ms0006,daiŋ́hu.paite.,daŋ́hu.paitī.,0,0,1
apparatus_multi_Y9_10mss.v3__app-Y9.27a-4-5,#ms0008,daiŋ́hu.paite.,daŋ́hu.paiti.,0,0,1
apparatus_multi_Y9_10mss.v3__app-Y9.27a-4-5,#ms0015,daiŋ́hu.paite.,daŋ́hupaitī.,0,0,1
apparatus_multi_Y9_10mss.v3__app-Y9.27a-4-5,#ms0060,daiŋ́hu.paite.,daiŋ́hu.paiti.,0,0,1
apparatus_multi_Y9_10mss.v3__app-Y9.27a-4-5,#ms0083,daiŋ́hu.paite.,daŋ́hupaiti.,0,0,1
apparatus_multi_Y9_10mss.v3__app-Y9.27a-4-5,#ms0088,daiŋ́hu.paite.,daŋ́hu. paiti.,0,0,1
apparatus_multi_Y9_10mss.v3__app-Y9.27a-4-5,#ms0400,daiŋ́hu.paite.,daŋ́hu.paiti.,0,0,1
apparatus_multi_Y9_10mss.v3__app-Y9.27a-6-7,#ms0005,vaēδiiā.paite.,vaēiδiiāi. paiti.,0,0,1
apparatus_multi_Y9_10mss.v3__app-Y9.27a-6-7,#ms0006,vaēδiiā.paite.,vaiδiiā. paitī.,0,0,1
apparatus_multi_Y9_10mss.v3__app-Y9.27a-6-7,#ms0008,vaēδiiā.paite.,vaiδiiā. paitī.,0,0,1
apparatus_multi_Y9_10mss.v3__app-Y9.27a-6-7,#ms0015,vaēδiiā.paite.,vīδiia. paitī.,0,0,1
apparatus_multi_Y9_10mss.v3__app-Y9.27a-6-7,#ms0083,vaēδiiā.paite.,vaiδiiā. paiti.,0,0,1
apparatus_multi_Y9_10mss.v3__app-Y9.27a-6-7,#ms0088,vaēδiiā.paite.,vaiδiiā. paiti.,0,0,1
apparatus_multi_Y9_10mss.v3__app-Y9.27a-6-7,#ms0400,vaēδiiā.paite.,vaēδiiā paiti.,0,0,1
apparatus_multi_Y9_10mss.v3__app-Y9.27a-6-7,#ms0410,vaēδiiā.paite.,vaēδiiā. paiti.,0,0,1
apparatus_multi_Y9_10mss.v3__app-Y9.27b-0-1,#ms0015,amāica.,māuuaōiia.,0,0,1
apparatus_multi_Y9_10mss.v3__app-Y9.27b-2-3,#ms0060,vərəϑraγnāica.,vərəϑraγnāi.,0,0,1
apparatus_multi_Y9_10mss.v3__app-Y9.27b-5-6,#ms0083,tanuiiē.,tanuiie.,0,0,1
apparatus_multi_Y9_10mss.v3__app-Y9.27b-5-6,#ms0088,tanuiiē.,tanuiie.,0,0,1
apparatus_multi_Y9_10mss.v3__app-Y9.27b-5-6,#ms0410,tanuiiē.,tanuiie.,0,0,1
apparatus_multi_Y9_10mss.v3__app-Y9.28a-0-1,#ms0005,vī.,vīma,0,0,1
apparatus_multi_Y9_10mss.v3__app-Y9.28a-0-1,#ms0060,vī.,vīma,0,0,1
apparatus_multi_Y9_10mss.v3__app-Y9.28a-1-2,#ms0015,nō.,.nō.,1,0,0
apparatus_multi_Y9_10mss.v3__app-Y9.28a-1-2,#ms0410,nō.,.nō.,1,0,0
apparatus_multi_Y9_10mss.v3__app-Y9.28a-4-5,#ms0005,vī.,vīma,0,0,1
apparatus_multi_Y9_10mss.v3__app-Y9.28a-4-5,#ms0060,vī.,vīma,0,0,1
apparatus_multi_Y9_10mss.v3__app-Y9.28b-0-1,#ms0015,yō.,yōi.,0,0,1
apparatus_multi_Y9_10mss.v3__app-Y9.28b-0-1,#ms0410,yō.,ẏō.,0,0,1
apparatus_multi_Y9_10mss.v3__app-Y9.28b-1-2,#ms0400,cišca.,cišta.,0,0,1
apparatus_multi_Y9_10mss.v3__app-Y9.28b-2-3,#ms0005,aɱi.,ahmi.,0,0,1
apparatus_multi_Y9_10mss.v3__app-Y9.28b-2-3,#ms0006,aɱi.,ahmi.,0,0,1
apparatus_multi_Y9_10mss.v3__app-Y9.28b-2-3,#ms0060,aɱi.,ahmi.,0,0,1
apparatus_multi_Y9_10mss.v3__app-Y9.28b-2-3,#ms0083,aɱi.,ahmi.,0,0,1
apparatus_multi_Y9_10mss.v3__app-Y9.28b-2-3,#ms0088,aɱi.,ahmi.,0,0,1
apparatus_multi_Y9_10mss.v3__app-Y9.28b-2-3,#ms0400,aɱi.,ahmi.,0,0,1
apparatus_multi_Y9_10mss.v3__app-Y9.28b-2-3,#ms0410,aɱi.,ahmi.,0,0,1
apparatus_multi_Y9_10mss.v3__app-Y9.28b-4-5,#ms0015,yō.,yōi.,0,0,1
apparatus_multi_Y9_10mss.v3__app-Y9.28b-4-5,#ms0410,yō.,ẏō.,0,0,1
apparatus_multi_Y9_10mss.v3__app-Y9.28b-5-6,#ms0006,aiŋ́he.,aŋ́hē.,0,0,1
apparatus_multi_Y9_10mss.v3__app-Y9.28b-5-6,#ms0008,aiŋ́he.,aŋ́hē.,0,0,1
apparatus_multi_Y9_10mss.v3__app-Y9.28b-6-7,#ms0005,vīsi.,vīse.,0,0,1
apparatus_multi_Y9_10mss.v3__app-Y9.28b-6-7,#ms0006,vīsi.,vīsē.,0,0,1
apparatus_multi_Y9_10mss.v3__app-Y9.28b-6-7,#ms0008,vīsi.,vīsē.,0,0,1
apparatus_multi_Y9_10mss.v3__app-Y9.28b-6-7,#ms0015,vīsi.,vīsē.,0,0,1
apparatus_multi_Y9_10mss.v3__app-Y9.28b-6-7,#ms0060,vīsi.,vīse.,0,0,1
apparatus_multi_Y9_10mss.v3__app-Y9.28b-6-7,#ms0083,vīsi.,vīse.,0,0,1
apparatus_multi_Y9_10mss.v3__app-Y9.28b-6-7,#ms0088,vīsi.,vīse.,0,0,1
apparatus_multi_Y9_10mss.v3__app-Y9.28b-7-8,#ms0015,yō.,yōi.,0,0,1
apparatus_multi_Y9_10mss.v3__app-Y9.28b-7-8,#ms0410,yō.,ẏō.,0,0,1
apparatus_multi_Y9_10mss.v3__app-Y9.28b-8-9,#ms0005,aɱi.,asti.,0,0,1
apparatus_multi_Y9_10mss.v3__app-Y9.28b-8-9,#ms0015,aɱi.,asti.,0,0,1
apparatus_multi_Y9_10mss.v3__app-Y9.28b-8-9,#ms0060,aɱi.,asti.,0,0,1
apparatus_multi_Y9_10mss.v3__app-Y9.28b-8-9,#ms0088,aɱi.,ahmi.,0,0,1
apparatus_multi_Y9_10mss.v3__app-Y9.28b-8-9,#ms0400,aɱi.,ahmi.,0,0,1
apparatus_multi_Y9_10mss.v3__app-Y9.28b-8-9,#ms0410,aɱi.,ahmi.,0,0,1
apparatus_multi_Y9_10mss.v3__app-Y9.28b-10-11,#ms0015,yō.,yōi.,0,0,1
apparatus_multi_Y9_10mss.v3__app-Y9.28b-10-11,#ms0400,yō.,ẏō.,0,0,1
apparatus_multi_Y9_10mss.v3__app-Y9.28b-10-11,#ms0410,yō.,ẏō.,0,0,1
apparatus_multi_Y9_10mss.v3__app-Y9.28b-11-12,#ms0006,aiŋ́he.,aŋ́hē.,0,0,1
apparatus_multi_Y9_10mss.v3__app-Y9.28b-11-12,#ms0008,aiŋ́he.,aŋ́hē.,0,0,1
apparatus_multi_Y9_10mss.v3__app-Y9.28c-0-1,#ms0015,gə̄uruuaiia.,gə̄uruuaiiōi,0,0,1
apparatus_multi_Y9_10mss.v3__app-Y9.28c-0-1,#ms0410,gə̄uruuaiia.,gəuruuaiia.hē.,0,0,1
apparatus_multi_Y9_10mss.v3__app-Y9.28c-2-3,#ms0006,pāδauue.,pāδauua.,0,0,1
apparatus_multi_Y9_10mss.v3__app-Y9.28c-2-3,#ms0008,pāδauue.,pāδauua.,0,0,1
apparatus_multi_Y9_10mss.v3__app-Y9.28c-2-3,#ms0015,pāδauue.,pāδauua,0,0,1
apparatus_multi_Y9_10mss.v3__app-Y9.28c-2-3,#ms0088,pāδauue.,pāδauua.,0,0,1
apparatus_multi_Y9_10mss.v3__app-Y9.28d-1-2,#ms0400,uši.,uš́i.,0,0,1
apparatus_multi_Y9_10mss.v3__app-Y9.28d-1-2,#ms0410,uši.,uš́i.,0,0,1
apparatus_multi_Y9_10mss.v3__app-Y9.28d-2-3,#ms0005,vərənūiδi.,vərənīiδe.,0,0,1
apparatus_multi_Y9_10mss.v3__app-Y9.28d-2-3,#ms0006,vərənūiδi.,vərənīiδe.,0,0,1
apparatus_multi_Y9_10mss.v3__app-Y9.28d-2-3,#ms0015,vərənūiδi.,vərənīiδe.,0,0,1
apparatus_multi_Y9_10mss.v3__app-Y9.28d-2-3,#ms0060,vərənūiδi.,vərənīiδe.,0,0,1
apparatus_multi_Y9_10mss.v3__app-Y9.28d-2-3,#ms0088,vərənūiδi.,vərənīiδe.,0,0,1
apparatus_multi_Y9_10mss.v3__app-Y9.28d-3-4,#ms0015,skəṇdəm.šē.,səkəṇdəm.šī.,0,0,1
apparatus_multi_Y9_10mss.v3__app-Y9.28d-5-6,#ms0005,kərənūiδi.,kərənīiδe.,0,0,1
apparatus_multi_Y9_10mss.v3__app-Y9.28d-5-6,#ms0006,kərənūiδi.,kərənīiδe.,0,0,1
apparatus_multi_Y9_10mss.v3__app-Y9.28d-5-6,#ms0015,kərənūiδi.,kərənīiδe.,0,0,1
apparatus_multi_Y9_10mss.v3__app-Y9.28d-5-6,#ms0083,kərənūiδi.,kərənīiδe.,0,0,1
apparatus_multi_Y9_10mss.v3__app-Y9.28d-5-6,#ms0088,kərənūiδi.,kərənīiδe.,0,0,1
apparatus_multi_Y9_10mss.v3__app-Y9.29a-0-1,#ms0006,mā.,mā̊.,0,0,1
apparatus_multi_Y9_10mss.v3__app-Y9.29a-0-1,#ms0008,mā.,mā̊.,0,0,1
apparatus_multi_Y9_10mss.v3__app-Y9.29a-0-1,#ms0015,mā.,mā̊.,0,0,1
apparatus_multi_Y9_10mss.v3__app-Y9.29a-1-2,#ms0410,zbaraϑaēibiia.,āzbaraϑaēibiiō.,0,0,1
apparatus_multi_Y9_10mss.v3__app-Y9.29a-3-4,#ms0006,mā.,mā̊.,0,0,1
apparatus_multi_Y9_10mss.v3__app-Y9.29a-3-4,#ms0008,mā.,mā̊.,0,0,1
apparatus_multi_Y9_10mss.v3__app-Y9.29a-3-4,#ms0015,mā.,mā̊.,0,0,1
apparatus_multi_Y9_10mss.v3__app-Y9.29a-4-5,#ms0006,gauuaēibiia.,gauuaēibii.,0,0,1
apparatus_multi_Y9_10mss.v3__app-Y9.29b-0-1,#ms0015,mā.,mā̊.,0,0,1
apparatus_multi_Y9_10mss.v3__app-Y9.29b-4-5,#ms0015,mā.,mā̊.,0,0,1
apparatus_multi_Y9_10mss.v3__app-Y9.29c-0-1,#ms0400,yō.,ẏō.,0,0,1
apparatus_multi_Y9_10mss.v3__app-Y9.29c-0-1,#ms0410,yō.,ẏō.,0,0,1
apparatus_multi_Y9_10mss.v3__app-Y9.29c-1-2,#ms0008,⁺aēnaŋ́heiti.,aēnaŋhaite.,0,0,1
apparatus_multi_Y9_10mss.v3__app-Y9.29c-1-2,#ms0015,⁺aēnaŋ́heiti.,aēnaŋ́haite.,0,0,1
apparatus_multi_Y9_10mss.v3__app-Y9.29c-1-2,#ms0083,⁺aēnaŋ́heiti.,aēnaŋhəite.,0,0,1
apparatus_multi_Y9_10mss.v3__app-Y9.29c-1-2,#ms0088,⁺aēnaŋ́heiti.,aēnaŋhəite.,0,0,1
apparatus_multi_Y9_10mss.v3__app-Y9.29c-4-5,#ms0005,yō.,nō.,0,0,1
apparatus_multi_Y9_10mss.v3__app-Y9.29c-4-5,#ms0400,yō.,nō.,0,0,1
apparatus_multi_Y9_10mss.v3__app-Y9.29c-4-5,#ms0410,yō.,nō.,0,0,1
apparatus_multi_Y9_10mss.v3__app-Y9.29c-5-6,#ms0008,⁺aēnaŋ́heiti.,aēnaŋhaite.,0,0,1
apparatus_multi_Y9_10mss.v3__app-Y9.30b-2-3,#ms0015,aṣ̌aōne.,aṣ̌aōnō.,0,0,1
apparatus_multi_Y9_10mss.v3__app-Y9.30b-4-5,#ms0005,zāire.,zāiri.,0,0,1
apparatus_multi_Y9_10mss.v3__app-Y9.30b-4-5,#ms0006,zāire.,zāiri.,0,0,1
apparatus_multi_Y9_10mss.v3__app-Y9.30b-4-5,#ms0008,zāire.,zāiri.,0,0,1
apparatus_multi_Y9_10mss.v3__app-Y9.30b-4-5,#ms0015,zāire.,zāiri.,0,0,1
apparatus_multi_Y9_10mss.v3__app-Y9.30b-4-5,#ms0060,zāire.,zāiri.,0,0,1
apparatus_multi_Y9_10mss.v3__app-Y9.30b-4-5,#ms0088,zāire.,zāiri.,0,0,1
apparatus_multi_Y9_10mss.v3__app-Y9.30b-4-5,#ms0400,zāire.,zāiri.,0,0,1
apparatus_multi_Y9_10mss.v3__app-Y9.30b-5-6,#ms0005,vadarə.,vadarəji,0,0,1
apparatus_multi_Y9_10mss.v3__app-Y9.30b-5-6,#ms0006,vadarə.,vadarəjai,0,0,1
apparatus_multi_Y9_10mss.v3__app-Y9.30b-5-6,#ms0015,vadarə.,vadarəjai,0,0,1
apparatus_multi_Y9_10mss.v3__app-Y9.30b-5-6,#ms0083,vadarə.,vadarəjai,0,0,1
apparatus_multi_Y9_10mss.v3__app-Y9.30b-5-6,#ms0088,vadarə.,vadarəjai,0,0,1
apparatus_multi_Y9_10mss.v3__app-Y9.30b-6-7,#ms0006,jaiδi.,əjaiδe.,0,0,1
apparatus_multi_Y9_10mss.v3__app-Y9.30b-6-7,#ms0015,jaiδi.,əjaiδe.,0,0,1
apparatus_multi_Y9_10mss.v3__app-Y9.30b-6-7,#ms0060,jaiδi.,jaiδe.,0,0,1
apparatus_multi_Y9_10mss.v3__app-Y9.30b-6-7,#ms0088,jaiδi.,əjaiδe.,0,0,1
apparatus_multi_Y9_10mss.v3__app-Y9.30d-4-5,#ms0005,zāire.,zāiri.,0,0,1
apparatus_multi_Y9_10mss.v3__app-Y9.30d-4-5,#ms0006,zāire.,zāiri.,0,0,1
apparatus_multi_Y9_10mss.v3__app-Y9.30d-4-5,#ms0008,zāire.,zāiri.,0,0,1
apparatus_multi_Y9_10mss.v3__app-Y9.30d-4-5,#ms0015,zāire.,zāiri.,0,0,1
apparatus_multi_Y9_10mss.v3__app-Y9.30d-4-5,#ms0060,zāire.,zāiri.,0,0,1
apparatus_multi_Y9_10mss.v3__app-Y9.30d-4-5,#ms0088,zāire.,zāiri.,0,0,1
apparatus_multi_Y9_10mss.v3__app-Y9.30d-5-6,#ms0005,vadarə.,vadarəjai,0,0,1
apparatus_multi_Y9_10mss.v3__app-Y9.30d-5-6,#ms0006,vadarə.,vadarəjai,0,0,1
apparatus_multi_Y9_10mss.v3__app-Y9.30d-5-6,#ms0008,vadarə.,vadarəjai,0,0,1
apparatus_multi_Y9_10mss.v3__app-Y9.30d-5-6,#ms0015,vadarə.,vadarəjai,0,0,1
apparatus_multi_Y9_10mss.v3__app-Y9.30d-5-6,#ms0083,vadarə.,vadarəjai,0,0,1
apparatus_multi_Y9_10mss.v3__app-Y9.30d-5-6,#ms0088,vadarə.,vadarəjai,0,0,1
apparatus_multi_Y9_10mss.v3__app-Y9.30d-5-6,#ms0400,vadarə.,vadarəjai,0,0,1
apparatus_multi_Y9_10mss.v3__app-Y9.30d-6-7,#ms0005,jaiδi.,əjaiδe.,0,0,1
apparatus_multi_Y9_10mss.v3__app-Y9.30d-6-7,#ms0006,jaiδi.,əjaiδe.,0,0,1
apparatus_multi_Y9_10mss.v3__app-Y9.30d-6-7,#ms0008,jaiδi.,əjaiδe.,0,0,1
apparatus_multi_Y9_10mss.v3__app-Y9.30d-6-7,#ms0015,jaiδi.,əjaiδe.,0,0,1
apparatus_multi_Y9_10mss.v3__app-Y9.30d-6-7,#ms0060,jaiδi.,jaiδe.,0,0,1
apparatus_multi_Y9_10mss.v3__app-Y9.30d-6-7,#ms0083,jaiδi.,əjaiδe.,0,0,1
apparatus_multi_Y9_10mss.v3__app-Y9.30d-6-7,#ms0088,jaiδi.,əjaiδe.,0,0,1
apparatus_multi_Y9_10mss.v3__app-Y9.31b-4-5,#ms0005,zāire.,zāiri.,0,0,1
apparatus_multi_Y9_10mss.v3__app-Y9.31b-4-5,#ms0006,zāire.,zāiri.,0,0,1
apparatus_multi_Y9_10mss.v3__app-Y9.31b-4-5,#ms0008,zāire.,zāiri,0,0,1
apparatus_multi_Y9_10mss.v3__app-Y9.31b-4-5,#ms0015,zāire.,zāiri.,0,0,1
apparatus_multi_Y9_10mss.v3__app-Y9.31b-4-5,#ms0060,zāire.,zāiri.,0,0,1
apparatus_multi_Y9_10mss.v3__app-Y9.31b-4-5,#ms0083,zāire.,zāiri.,0,0,1
apparatus_multi_Y9_10mss.v3__app-Y9.31b-4-5,#ms0088,zāire.,zāiri.,0,0,1
apparatus_multi_Y9_10mss.v3__app-Y9.31b-4-5,#ms0400,zāire.,zāiri.,0,0,1
apparatus_multi_Y9_10mss.v3__app-Y9.31b-5-6,#ms0005,vadarə.,vadarəjai,0,0,1
apparatus_multi_Y9_10mss.v3__app-Y9.31b-5-6,#ms0006,vadarə.,va arəjai,0,0,1
apparatus_multi_Y9_10mss.v3__app-Y9.31b-5-6,#ms0008,vadarə.,vadarəjai,0,0,1
apparatus_multi_Y9_10mss.v3__app-Y9.31b-5-6,#ms0015,vadarə.,vadarəjai,0,0,1
apparatus_multi_Y9_10mss.v3__app-Y9.31b-5-6,#ms0083,vadarə.,vadarəjai,0,0,1
apparatus_multi_Y9_10mss.v3__app-Y9.31b-5-6,#ms0088,vadarə.,vadarəjai,0,0,1
apparatus_multi_Y9_10mss.v3__app-Y9.31b-6-7,#ms0005,jaiδi.,əjaiδe.,0,0,1
apparatus_multi_Y9_10mss.v3__app-Y9.31b-6-7,#ms0006,jaiδi.,əjaiδe.,0,0,1
apparatus_multi_Y9_10mss.v3__app-Y9.31b-6-7,#ms0015,jaiδi.,əjaiδe.,0,0,1
apparatus_multi_Y9_10mss.v3__app-Y9.31b-6-7,#ms0083,jaiδi.,əjaiδe.,0,0,1
apparatus_multi_Y9_10mss.v3__app-Y9.31b-6-7,#ms0088,jaiδi.,əjaiδe.,0,0,1
apparatus_multi_Y9_10mss.v3__app-Y9.31b-6-7,#ms0410,jaiδi.,jaiδe.,0,0,1
apparatus_multi_Y9_10mss.v3__app-Y9.31c-7-8,#ms0006,vacō.,vaca.,0,0,1
apparatus_multi_Y9_10mss.v3__app-Y9.31c-7-8,#ms0008,vacō.,vaca.,0,0,1
apparatus_multi_Y9_10mss.v3__app-Y9.31c-7-8,#ms0083,vacō.,s.vaca.,0,0,1
apparatus_multi_Y9_10mss.v3__app-Y9.31c-7-8,#ms0088,vacō.,vaca.,0,0,1
apparatus_multi_Y9_10mss.v3__app-Y9.31c-7-8,#ms0400,vacō.,vaca.,0,0,1
apparatus_multi_Y9_10mss.v3__app-Y9.31c-7-8,#ms0410,vacō.,vaca.,0,0,1
apparatus_multi_Y9_10mss.v3__app-Y9.31d-4-5,#ms0005,zāire.,zāiri.,0,0,1
apparatus_multi_Y9_10mss.v3__app-Y9.31d-4-5,#ms0006,zāire.,zāiri.,0,0,1
apparatus_multi_Y9_10mss.v3__app-Y9.31d-4-5,#ms0008,zāire.,zāiri.,0,0,1
apparatus_multi_Y9_10mss.v3__app-Y9.31d-4-5,#ms0015,zāire.,zāiri.,0,0,1
apparatus_multi_Y9_10mss.v3__app-Y9.31d-4-5,#ms0060,zāire.,zāiri.,0,0,1
apparatus_multi_Y9_10mss.v3__app-Y9.31d-4-5,#ms0088,zāire.,zāiri.,0,0,1
apparatus_multi_Y9_10mss.v3__app-Y9.31d-4-5,#ms0410,zāire.,zāiri.,0,0,1
apparatus_multi_Y9_10mss.v3__app-Y9.31d-5-6,#ms0006,vadarə.,vadarəjai,0,0,1
apparatus_multi_Y9_10mss.v3__app-Y9.31d-5-6,#ms0008,vadarə.,vadarəjai,0,0,1
apparatus_multi_Y9_10mss.v3__app-Y9.31d-5-6,#ms0015,vadarə.,vadarəjai,0,0,1
apparatus_multi_Y9_10mss.v3__app-Y9.31d-5-6,#ms0083,vadarə.,vadarəjai,0,0,1
apparatus_multi_Y9_10mss.v3__app-Y9.31d-5-6,#ms0088,vadarə.,vadarəjai,0,0,1
apparatus_multi_Y9_10mss.v3__app-Y9.31d-6-7,#ms0006,jaiδi.,əjaiδe.,0,0,1
apparatus_multi_Y9_10mss.v3__app-Y9.31d-6-7,#ms0008,jaiδi.,əjaiδe.,0,0,1
apparatus_multi_Y9_10mss.v3__app-Y9.31d-6-7,#ms0015,jaiδi.,əjaiδe.,0,0,1
apparatus_multi_Y9_10mss.v3__app-Y9.31d-6-7,#ms0083,jaiδi.,əjaiδe.,0,0,1
apparatus_multi_Y9_10mss.v3__app-Y9.31d-6-7,#ms0088,jaiδi.,əjaiδe.,0,0,1
apparatus_multi_Y9_10mss.v3__app-Y9.32a-3-4,#ms0060,maōδanō.kairiiāi.,maōtanō.kairiiā.,0,0,1
apparatus_multi_Y9_10mss.v3__app-Y9.32a-5-6,#ms0005,yeŋ́he.,yeŋ́hē.,0,0,1
apparatus_multi_Y9_10mss.v3__app-Y9.32a-5-6,#ms0006,yeŋ́he.,yeŋ́hē.,0,0,1
apparatus_multi_Y9_10mss.v3__app-Y9.32a-5-6,#ms0008,yeŋ́he.,yeŋ́hē.,0,0,1
apparatus_multi_Y9_10mss.v3__app-Y9.32a-5-6,#ms0015,yeŋ́he.,yeŋ́hē.,0,0,1
apparatus_multi_Y9_10mss.v3__app-Y9.32a-5-6,#ms0060,yeŋ́he.,yeŋ́hē.,0,0,1
apparatus_multi_Y9_10mss.v3__app-Y9.32a-6-7,#ms0006,frafrauuaite.,frafrauuaiti.,0,0,1
apparatus_multi_Y9_10mss.v3__app-Y9.32a-6-7,#ms0083,frafrauuaite.,frafrauuaiti.,0,0,1
apparatus_multi_Y9_10mss.v3__app-Y9.32a-6-7,#ms0088,frafrauuaite.,frafrauuaiti.,0,0,1
apparatus_multi_Y9_10mss.v3__app-Y9.32a-6-7,#ms0410,frafrauuaite.,frafrauuaiti.,0,0,1
apparatus_multi_Y9_10mss.v3__app-Y9.32b-2-3,#ms0410,aṣ̌aōne.,aṣ̌aono.,0,0,1
apparatus_multi_Y9_10mss.v3__app-Y9.32b-4-5,#ms0005,zāire.,zāiri.,0,0,1
apparatus_multi_Y9_10mss.v3__app-Y9.32b-4-5,#ms0006,zāire.,zāiri.,0,0,1
apparatus_multi_Y9_10mss.v3__app-Y9.32b-4-5,#ms0008,zāire.,zāiri.,0,0,1
apparatus_multi_Y9_10mss.v3__app-Y9.32b-4-5,#ms0015,zāire.,zāiri.,0,0,1
apparatus_multi_Y9_10mss.v3__app-Y9.32b-4-5,#ms0060,zāire.,zāiri.,0,0,1
apparatus_multi_Y9_10mss.v3__app-Y9.32b-4-5,#ms0088,zāire.,zāiri.,0,0,1
apparatus_multi_Y9_10mss.v3__app-Y9.32b-4-5,#ms0410,zāire.,zāiri.,0,0,1
apparatus_multi_Y9_10mss.v3__app-Y9.32b-5-6,#ms0005,vadarə.,vadarəjai,0,0,1
apparatus_multi_Y9_10mss.v3__app-Y9.32b-5-6,#ms0006,vadarə.,vadarəjai,0,0,1
apparatus_multi_Y9_10mss.v3__app-Y9.32b-5-6,#ms0008,vadarə.,vadarəjai,0,0,1
apparatus_multi_Y9_10mss.v3__app-Y9.32b-5-6,#ms0015,vadarə.,vadarəjai,0,0,1
apparatus_multi_Y9_10mss.v3__app-Y9.32b-5-6,#ms0060,vadarə.,vadarəjai,0,0,1
apparatus_multi_Y9_10mss.v3__app-Y9.32b-5-6,#ms0088,vadarə.,vadarəjai,0,0,1
apparatus_multi_Y9_10mss.v3__app-Y9.32b-5-6,#ms0410,vadarə.,vadairi.,0,0,1
apparatus_multi_Y9_10mss.v3__app-Y9.32b-6-7,#ms0005,jaiδi.,əjaiδe.,0,0,1
apparatus_multi_Y9_10mss.v3__app-Y9.32b-6-7,#ms0006,jaiδi.,əjaiδe.,0,0,1
apparatus_multi_Y9_10mss.v3__app-Y9.32b-6-7,#ms0008,jaiδi.,əjaiδe.,0,0,1
apparatus_multi_Y9_10mss.v3__app-Y9.32b-6-7,#ms0015,jaiδi.,əjaiδe.,0,0,1
apparatus_multi_Y9_10mss.v3__app-Y9.32b-6-7,#ms0088,jaiδi.,əjaiδe.,0,0,1
apparatus_multi_Y9_10mss.v3__app-Y9.32b-6-7,#ms0410,jaiδi.,jaiδe.,0,0,1
apparatus_multi_Y9_10mss.v3__app-Y9.32b-7-8,#ms0083,yat̰.,.yat̰.,1,0,0
apparatus_multi_Y9_10mss.v3__app-Y9.32b-11-12,#ms0005,aṣ̌aōne.,aṣ̌aōnehaō,0,0,1
apparatus_multi_Y9_10mss.v3__app-Y9.32b-13-14,#ms0005,zāire.,zāiri.,0,0,1
apparatus_multi_Y9_10mss.v3__app-Y9.32b-13-14,#ms0006,zāire.,zāiri.,0,0,1
apparatus_multi_Y9_10mss.v3__app-Y9.32b-13-14,#ms0008,zāire.,zāiri.,0,0,1
apparatus_multi_Y9_10mss.v3__app-Y9.32b-13-14,#ms0015,zāire.,zāiri.,0,0,1
apparatus_multi_Y9_10mss.v3__app-Y9.32b-13-14,#ms0060,zāire.,zāiri.,0,0,1
apparatus_multi_Y9_10mss.v3__app-Y9.32b-13-14,#ms0088,zāire.,zāiri.,0,0,1
apparatus_multi_Y9_10mss.v3__app-Y9.32b-13-14,#ms0400,zāire.,zāiri.,0,0,1
apparatus_multi_Y9_10mss.v3__app-Y9.32b-14-15,#ms0005,vadarə.,vadarəjai,0,0,1
apparatus_multi_Y9_10mss.v3__app-Y9.32b-14-15,#ms0006,vadarə.,vadarəjai,0,0,1
apparatus_multi_Y9_10mss.v3__app-Y9.32b-14-15,#ms0008,vadarə.,vadarəjai,0,0,1
apparatus_multi_Y9_10mss.v3__app-Y9.32b-14-15,#ms0015,vadarə.,vadarəjai,0,0,1
apparatus_multi_Y9_10mss.v3__app-Y9.32b-14-15,#ms0083,vadarə.,vadarəjai,0,0,1
apparatus_multi_Y9_10mss.v3__app-Y9.32b-14-15,#ms0088,vadarə.,vadarəjai,0,0,1
apparatus_multi_Y9_10mss.v3__app-Y9.32b-15-16,#ms0005,jaiδi.,əjaiδe...,0,0,1
apparatus_multi_Y9_10mss.v3__app-Y9.32b-15-16,#ms0006,jaiδi.,əjaiδe.,0,0,1
apparatus_multi_Y9_10mss.v3__app-Y9.32b-15-16,#ms0015,jaiδi.,əjaiδe,0,0,1
apparatus_multi_Y9_10mss.v3__app-Y9.32b-15-16,#ms0060,jaiδi.,jaiδe.,0,0,1
apparatus_multi_Y9_10mss.v3__app-Y9.32b-15-16,#ms0083,jaiδi.,əjaiδe.,0,0,1
apparatus_multi_Y9_10mss.v3__app-Y9.32b-15-16,#ms0088,jaiδi.,əjaiδe.,0,0,1
